Original Filename,Random Filename
1 (1).npy,I8W0amzmgvRr.npy
1 (10).npy,Gc5C9TnZSbrx.npy
1 (100).npy,2GToc6qTXoKs.npy
1 (1000).npy,EonVCIFIh5lT.npy
1 (1001).npy,2U4ei9CL1YQj.npy
1 (1002).npy,G9WiSeGwid0Y.npy
1 (1003).npy,T6Awb7qo3ehT.npy
1 (1004).npy,E7KNsydOE64d.npy
1 (1005).npy,ar4Naxb56urv.npy
1 (1006).npy,6LOCz0l3xfwE.npy
1 (1007).npy,rLFIuE5XsPXI.npy
1 (1008).npy,Y6crPS03d1AP.npy
1 (1009).npy,DpRRpIq70ZUv.npy
1 (101).npy,x5N34cdgabVv.npy
1 (1010).npy,iTEaxjr3BKGL.npy
1 (1011).npy,qMw7f7gnBjPG.npy
1 (1012).npy,EnoJnYPbmtZV.npy
1 (1013).npy,ymP4GiYWAD83.npy
1 (1014).npy,gxnLEW5YBuhH.npy
1 (1015).npy,vkrvTz4iOu6j.npy
1 (1016).npy,m8lnfHpMy7lc.npy
1 (1017).npy,2qUHiiVv6A9q.npy
1 (1018).npy,nRzwKfx7Sjj6.npy
1 (1019).npy,z583v3EtRbI2.npy
1 (102).npy,qGQ5334s1HNY.npy
1 (1020).npy,12BB8MJqolKS.npy
1 (1021).npy,ejYjCMJ2VXMY.npy
1 (1022).npy,m8bbiy7tVDjr.npy
1 (1023).npy,7npNmjOl8bx7.npy
1 (1024).npy,XdVv8QzbI1pA.npy
1 (1025).npy,yrpNMXkt7bTE.npy
1 (1026).npy,PvBRovfajlU0.npy
1 (1027).npy,v67n9cib8KBe.npy
1 (1028).npy,kjyg9xqEcXEh.npy
1 (1029).npy,TqaLO3j8J7OP.npy
1 (103).npy,fFZZFP2ClRLe.npy
1 (1030).npy,yQLrh0YC5W9n.npy
1 (1031).npy,pNxErq7SoPid.npy
1 (1032).npy,ThZFLSrhPIdK.npy
1 (1033).npy,KvkouR3NSDvF.npy
1 (1034).npy,eQZ39pHwFzOa.npy
1 (1035).npy,Xbvrlnu5PIvn.npy
1 (1036).npy,xUcUTRojINa1.npy
1 (1037).npy,Xt7mphXdsQL5.npy
1 (1038).npy,STFksRzqbQ2H.npy
1 (1039).npy,IlrU7inJg0Ci.npy
1 (104).npy,RERjS13gOKA3.npy
1 (1040).npy,S600apzjzF9C.npy
1 (1041).npy,XXkFUaLu7Wyf.npy
1 (1042).npy,W8Lkx9k0iZeo.npy
1 (1043).npy,krEkE3VYa72M.npy
1 (1044).npy,ejQ40uNKgAwP.npy
1 (1045).npy,1djf9jyUq5Ys.npy
1 (1046).npy,qkTDZzAhzT9D.npy
1 (1047).npy,2nvZvJbN1SO7.npy
1 (1048).npy,dS09G4eZUwGT.npy
1 (1049).npy,Eq15hkYeYD5a.npy
1 (105).npy,jMyt8TubNClI.npy
1 (1050).npy,bnevSHiNJRAy.npy
1 (1051).npy,kPPYUYbfNbe5.npy
1 (1052).npy,BVX38XC8e4eT.npy
1 (1053).npy,qymoORM9WhRN.npy
1 (1054).npy,H07MejZCkY6K.npy
1 (1055).npy,YAwsNljBJTJk.npy
1 (1056).npy,wfUaUiyb65Jg.npy
1 (1057).npy,OAhtpfoNKt9h.npy
1 (1058).npy,7IumTKP4g0Mz.npy
1 (1059).npy,14aAhft8Hvlz.npy
1 (1060).npy,NJvGpJy9iEVM.npy
1 (1061).npy,btC1oJwwqetH.npy
1 (1062).npy,OPmkYONoBR1D.npy
1 (1063).npy,jO4Hgn96H7xh.npy
1 (1064).npy,eA0IWpTduANe.npy
1 (1065).npy,QboArrlWSTFK.npy
1 (1066).npy,jAoe6b06gCqF.npy
1 (1067).npy,ORP5CkF01Mcl.npy
1 (1068).npy,ekjKNy0yI0eF.npy
1 (1069).npy,67yUBn6RN5JJ.npy
1 (107).npy,XDjLBrrsFcSl.npy
1 (1070).npy,hYKyQyDa7T3N.npy
1 (1071).npy,W9hftqpfsvxB.npy
1 (1072).npy,Bj188ypa2MBD.npy
1 (1073).npy,scBknCGTGYWs.npy
1 (1074).npy,24CdrqMLwiCl.npy
1 (1075).npy,SrdqVmBZ20Bo.npy
1 (1076).npy,nXsAKZENZW65.npy
1 (1077).npy,KskKtegWWWNC.npy
1 (1078).npy,0GkMuqVjvQFX.npy
1 (1079).npy,ATmvn4jlqHng.npy
1 (108).npy,H1PH2OcS1lnZ.npy
1 (1080).npy,bJga5uqp7lJc.npy
1 (1081).npy,GoV9G3nhVxIH.npy
1 (1082).npy,s8NRrZyixGW6.npy
1 (1083).npy,ROChiPpbrj6d.npy
1 (1084).npy,vPmmcEc9OZ9G.npy
1 (1085).npy,FmETZWi435nD.npy
1 (1086).npy,lpSayFYRGxzA.npy
1 (1087).npy,0KpOhAgd93aO.npy
1 (1088).npy,5fAYo9P8obtq.npy
1 (1089).npy,izVQeI965J8k.npy
1 (109).npy,Tu1FbXUn8fSL.npy
1 (1090).npy,fm49gyctIvlX.npy
1 (1091).npy,jGHXuq63VKP8.npy
1 (1092).npy,a7RVAg3Jc5iL.npy
1 (1093).npy,VodGH762xdtT.npy
1 (1094).npy,tyvplZ3KcuaT.npy
1 (1095).npy,ixvrc7zSuiQm.npy
1 (1096).npy,ACMIVN7oL2GO.npy
1 (1097).npy,KW4Gw1XsyLuS.npy
1 (1098).npy,mWlvf5GoZbIX.npy
1 (1099).npy,590umVftjA2k.npy
1 (11).npy,v15TeLPmYTvz.npy
1 (110).npy,RHojFepXz3ZR.npy
1 (1100).npy,YsH0eYCqyZEM.npy
1 (1101).npy,E2BfCcBIB3ni.npy
1 (1102).npy,1w7Z6QUVl8DW.npy
1 (1103).npy,Nqqod9JlJcRo.npy
1 (1104).npy,YEeMYPN5cYdy.npy
1 (1105).npy,rJy9Y8awtAuA.npy
1 (1106).npy,S7I2kLQDUr8F.npy
1 (1107).npy,4YhrcfGG2o6Q.npy
1 (1108).npy,ircPk0zQI1SW.npy
1 (1109).npy,1HqWwwPT4JgE.npy
1 (111).npy,53drOQ39KjLH.npy
1 (1110).npy,P1l84tqqxZMt.npy
1 (1111).npy,SjrNvHks4HJi.npy
1 (1112).npy,3c7GON22whT3.npy
1 (1113).npy,xac93lSnovfR.npy
1 (1114).npy,nQd90afQSOhB.npy
1 (1115).npy,HinZ3zAsfqdt.npy
1 (1116).npy,fbQJ210Ylv8S.npy
1 (1117).npy,lUdNeREamuUL.npy
1 (1118).npy,HNFrltHEy3mP.npy
1 (1119).npy,fdVyfnKZpnFV.npy
1 (112).npy,N5X7nf0A7Ex7.npy
1 (1120).npy,Ry3RxqgN8NV9.npy
1 (1121).npy,hpyPNjmR6FjT.npy
1 (1122).npy,ibtNk05rVmRv.npy
1 (1123).npy,QFS1BYOo4jhe.npy
1 (1124).npy,rhoMSu4HuYr2.npy
1 (1125).npy,YPSYNEgbBUGi.npy
1 (1126).npy,xcq2j3WSgPX3.npy
1 (1127).npy,9HMak8E00wkS.npy
1 (1128).npy,DmqPfvpaDhAV.npy
1 (1129).npy,FPJGFXdCuT2z.npy
1 (113).npy,ei9NoyWJNPV8.npy
1 (1130).npy,S5HDMFVbt363.npy
1 (1131).npy,H9hCBHLOmlnm.npy
1 (1132).npy,kXBZgjdW4HGb.npy
1 (1133).npy,aETZhhR73sXW.npy
1 (1134).npy,Xs15iJrKFVTZ.npy
1 (1135).npy,2kM0lzQeM1bF.npy
1 (1136).npy,6fVPqmEnoETS.npy
1 (1137).npy,mt0YxEZTVl8Y.npy
1 (1138).npy,Qplu2XX1ziWi.npy
1 (1139).npy,PYxAKzxgG4YZ.npy
1 (114).npy,HCSxEaHyehMJ.npy
1 (1140).npy,qVeJ3jCmVFoP.npy
1 (1141).npy,rxzbgAZzNcV8.npy
1 (1142).npy,10az2E0bJqZR.npy
1 (1143).npy,X1SJ7XEUU20R.npy
1 (1144).npy,KJy8PxkZKZvz.npy
1 (1145).npy,xxUU9jnsloWP.npy
1 (1146).npy,txpPPj8Ezm7Y.npy
1 (1147).npy,YHByCGp8nsIQ.npy
1 (1148).npy,ggi6FJRrr5NC.npy
1 (1149).npy,NBCQmy6DZhh0.npy
1 (115).npy,0RTHo4bSHXFN.npy
1 (1150).npy,fk00TWpmVKKr.npy
1 (1151).npy,3bV74oVZqgE0.npy
1 (1152).npy,8Re6vZfcYG4c.npy
1 (1153).npy,thT0gmb27zVW.npy
1 (1154).npy,HdwuvtGBjvE8.npy
1 (1155).npy,KAc93wqMPkun.npy
1 (1156).npy,XB8fieoZ42bD.npy
1 (1157).npy,kNawaAat8kfe.npy
1 (1158).npy,pFpg8H6CSsrD.npy
1 (1159).npy,kvOeqiIJijrp.npy
1 (116).npy,YeVzxC4qbgSY.npy
1 (1160).npy,X20vp1NaInOK.npy
1 (1161).npy,5kDDeUE6oIix.npy
1 (1162).npy,Hq4AhAjNKqsi.npy
1 (1163).npy,ClysKfhIsvjt.npy
1 (1164).npy,U8WEbZL24pMk.npy
1 (1165).npy,eBhemUBBGiML.npy
1 (1166).npy,gPlWrOGq72vt.npy
1 (1167).npy,bVueTcdddkiC.npy
1 (1168).npy,4m4uMyI4yaQA.npy
1 (1169).npy,8j8ZIMgTVjCT.npy
1 (117).npy,qSOexQhJvk9u.npy
1 (1170).npy,A1TXBOLoWMiU.npy
1 (1171).npy,cOAbVa3dwOZ6.npy
1 (1172).npy,Uj7fWfvT7g5w.npy
1 (1173).npy,68oLNp9OcORL.npy
1 (1174).npy,yBXmX4d6RgSo.npy
1 (1175).npy,qr8zYadRtkoV.npy
1 (1176).npy,IsLDPmiRP2xo.npy
1 (1177).npy,o36yhbKU1GVC.npy
1 (1178).npy,6pkbe8JEVD53.npy
1 (1179).npy,Rzz7CXtTuhGg.npy
1 (118).npy,MIEEYy0Czn90.npy
1 (1180).npy,wzrdvQdvN1v6.npy
1 (1181).npy,38QDzOsk8W2S.npy
1 (1182).npy,M5n6ZWWsgWnS.npy
1 (1183).npy,MACvFXmuiV6N.npy
1 (1184).npy,J7O4VLDSaW7f.npy
1 (1185).npy,jjTzndZZ3ab5.npy
1 (1186).npy,DsYcjqL1aN4D.npy
1 (1187).npy,dKHSFjlxuhaV.npy
1 (1188).npy,wlmXqAgdWfBH.npy
1 (1189).npy,djW5fuo9GGbZ.npy
1 (119).npy,17h6NRRjIwfE.npy
1 (1190).npy,mhCNBY7jYsNu.npy
1 (1191).npy,IzYtmA9j71ZX.npy
1 (1192).npy,XjLSVpkGJlsa.npy
1 (1193).npy,g62K7wn3AlBf.npy
1 (1194).npy,WmVAtYVhHlhJ.npy
1 (1195).npy,5zVY0qmtOWvz.npy
1 (1196).npy,tLPuX3uA6AmT.npy
1 (1197).npy,8QzbWoejNarx.npy
1 (1198).npy,PvVpz6TwX1tV.npy
1 (1199).npy,9PfkaLds11mc.npy
1 (12).npy,nX9R050z4WqR.npy
1 (120).npy,X83KGL0Eslpp.npy
1 (1200).npy,PAHeuHZOqWP7.npy
1 (1201).npy,j69YXAMZuD0o.npy
1 (1202).npy,2m9LdQVHTIYB.npy
1 (1203).npy,rC5QS9ujAyUk.npy
1 (1204).npy,yTKEZUQHLNQJ.npy
1 (1205).npy,Zsufd1rknToH.npy
1 (1206).npy,FVgheu27rgzh.npy
1 (1207).npy,di9dYuHjIBdZ.npy
1 (1208).npy,jWZPa8b8r2IV.npy
1 (1209).npy,FvYnHeEcXs1o.npy
1 (121).npy,a7LcIojw8twf.npy
1 (1210).npy,1Kv4IILguuMp.npy
1 (1211).npy,81DTPkqAJJKJ.npy
1 (1212).npy,pRxaHZVwQKlo.npy
1 (1213).npy,QniGKGEmQCbx.npy
1 (1214).npy,Lxu26PQdZBnu.npy
1 (1215).npy,jz6fnIgnwRhM.npy
1 (1216).npy,X0ieJmBGlHd4.npy
1 (1217).npy,4chSGIl1csQf.npy
1 (1218).npy,GrzmRYWBkRFr.npy
1 (1219).npy,AwkHWQ9fKGpB.npy
1 (122).npy,aouAQQD7XQJj.npy
1 (1220).npy,5a2J4ljp0Boe.npy
1 (1221).npy,mDGF01LoH8MK.npy
1 (1222).npy,bByBn5qu8x8m.npy
1 (1223).npy,E7DHOSCn2SVV.npy
1 (1224).npy,VZbEEDn8xVMl.npy
1 (1225).npy,dTtKDEHuxJhC.npy
1 (1226).npy,fKlk55fTryWY.npy
1 (1227).npy,xOKQZjJ2GbQa.npy
1 (1228).npy,RHyLJcZTg7NY.npy
1 (1229).npy,B4fgw0CX0oRK.npy
1 (123).npy,YKX8MbSq7dsc.npy
1 (1230).npy,u6NgIPQRbvnf.npy
1 (1231).npy,zVkD7COKIJEn.npy
1 (1232).npy,OUWs5R1DuR28.npy
1 (1233).npy,LAGhENK81Feg.npy
1 (1234).npy,zftYhgrFoHTZ.npy
1 (1235).npy,cabkBi7SSklg.npy
1 (1236).npy,K6i0RjfI4bTU.npy
1 (1237).npy,vseHyS66L0iN.npy
1 (1238).npy,xmKELbBP1w5i.npy
1 (1239).npy,W0rihlru8Sih.npy
1 (124).npy,5NjdjWlEgRSn.npy
1 (1240).npy,3QMZtP65W4Fz.npy
1 (1241).npy,o3DF22I5DN9s.npy
1 (1242).npy,9EpziPGLc79r.npy
1 (1243).npy,x2KuXUteFkkG.npy
1 (1244).npy,vLGurRiGLFbM.npy
1 (1245).npy,tqVMNvqVZkF2.npy
1 (1246).npy,koA1IpjGw09y.npy
1 (1247).npy,mzBaRRmTHCC6.npy
1 (1248).npy,d6rKi8sfo0Op.npy
1 (1249).npy,f1FwwEWGHxoY.npy
1 (125).npy,UYS1SslKFizE.npy
1 (1250).npy,6icGsrsxUGLG.npy
1 (1251).npy,SwGEY2l1YYQz.npy
1 (1252).npy,2Zbw5DmOBTIn.npy
1 (1253).npy,6ed7okWSd89r.npy
1 (1254).npy,tJQkn3seqcni.npy
1 (1255).npy,TI3daV2Bwcn9.npy
1 (1256).npy,B4edh5TWpry3.npy
1 (1257).npy,OMQ0x8481wra.npy
1 (1258).npy,31iDQI69r6kL.npy
1 (1259).npy,juf4kaSCmIF1.npy
1 (126).npy,tc3Ku74JGA9U.npy
1 (1260).npy,TzDT5liKDqfR.npy
1 (1261).npy,ib1daT7nXE7O.npy
1 (1262).npy,YoJKy7Hy9b9P.npy
1 (1263).npy,gwMwynrVwXzl.npy
1 (1264).npy,bQIcnJUwdrXg.npy
1 (1265).npy,LRtUgA5ElX8a.npy
1 (1266).npy,0WpTuizRBBi8.npy
1 (1267).npy,AYAVXzwlzkI5.npy
1 (1268).npy,6XSYNNp6yCX1.npy
1 (1269).npy,74lr1Z1VYVH7.npy
1 (127).npy,Gsayn411ftvy.npy
1 (1270).npy,a1E6KR0wZB00.npy
1 (1271).npy,H1SxN0UwDPMP.npy
1 (1272).npy,laZeVLSxOTkR.npy
1 (1273).npy,3r0FeI3GilGp.npy
1 (1274).npy,0PnP3wDPiRcI.npy
1 (1275).npy,SGpPyVh0fmrT.npy
1 (1276).npy,Lvkd0ocFVDiP.npy
1 (1277).npy,qaq9C064Fgme.npy
1 (1278).npy,nfFm3gNAyvar.npy
1 (1279).npy,HrZzrgzPrJe2.npy
1 (128).npy,cZWpVBzB6O7O.npy
1 (1280).npy,Sy59GtGBCssZ.npy
1 (1281).npy,HCQ9lWbr70vz.npy
1 (1282).npy,8TZHcpMFU2Ql.npy
1 (1283).npy,QajMoOun7nPb.npy
1 (1284).npy,36IoMfnbJW6u.npy
1 (1285).npy,echFFaMEnlDL.npy
1 (1286).npy,u4APeTJCPOvM.npy
1 (1287).npy,NU5Z0LCqL56j.npy
1 (1288).npy,AaukZyiAQiK7.npy
1 (1289).npy,YKu2Z43RT1A2.npy
1 (129).npy,u363MWkf9NHA.npy
1 (1290).npy,hFUywpTA5Dl8.npy
1 (1291).npy,p1IlQ6KOrTpP.npy
1 (1292).npy,5ZI9zb6rf3ik.npy
1 (1293).npy,CmDE6OkcK2Zg.npy
1 (1294).npy,SAW15oPGS4b6.npy
1 (1295).npy,FMRUKtVNevIZ.npy
1 (1296).npy,8YXJkVGHe2jE.npy
1 (1297).npy,fZ13VnV8fdha.npy
1 (1298).npy,zBAGIbQY835l.npy
1 (1299).npy,JxsRT0u1kpLp.npy
1 (13).npy,iNUTwpigFYCS.npy
1 (130).npy,KVoXrxGB3h75.npy
1 (1300).npy,hdTVk0fAyDWN.npy
1 (1301).npy,ClyELD4lbcUf.npy
1 (1302).npy,NnkapkZDipIZ.npy
1 (1303).npy,wVI4TASzfXVY.npy
1 (1304).npy,uhjozkEs6aUc.npy
1 (1305).npy,O0IPAO9xwcuE.npy
1 (1306).npy,MthyI0He886R.npy
1 (1307).npy,WrqkDa4wxUUT.npy
1 (1308).npy,8CzhdEq4qa9o.npy
1 (1309).npy,9LgPj5N950nC.npy
1 (131).npy,Fu7iNQEvnf5i.npy
1 (1310).npy,EpMgXbshLcwq.npy
1 (1311).npy,VTVmbICKw4ig.npy
1 (1312).npy,W8QM2e5XqIsq.npy
1 (1313).npy,boo5GPryWqa4.npy
1 (1314).npy,uBZZnQJAdoTs.npy
1 (1315).npy,e3cEXD6ZOIjk.npy
1 (1316).npy,QnQlmtwuNbzU.npy
1 (1317).npy,KEWr91cqxf1F.npy
1 (1318).npy,Y4nhfdhwwa3a.npy
1 (1319).npy,J8qygJZgpmw1.npy
1 (132).npy,jiUqt2PKnYyU.npy
1 (1320).npy,VqYGauO25plC.npy
1 (1321).npy,LVeSkAkuMQhC.npy
1 (1322).npy,9j6X7DyqWM8y.npy
1 (1323).npy,C4MJngnKvSQS.npy
1 (1324).npy,mvVrIiFk5ni4.npy
1 (1325).npy,lP7wLyHJOxgd.npy
1 (1326).npy,v6Oft4KS0FB6.npy
1 (1327).npy,xSw6T7fWRD4m.npy
1 (1328).npy,bbmyGBdMxGnK.npy
1 (1329).npy,6ZmUcGOgaQog.npy
1 (133).npy,Zj4tamLNIsOq.npy
1 (1330).npy,0nM39ubp4IAG.npy
1 (1331).npy,NUrwX60AAUln.npy
1 (1332).npy,T2SaRi0fR6Nu.npy
1 (1333).npy,8slXcjkiMKzb.npy
1 (1334).npy,KqiY7Zaxw2lK.npy
1 (1335).npy,CsQB0z76bwB5.npy
1 (1336).npy,ggRDzwloGUBg.npy
1 (1337).npy,O0RopsHxySll.npy
1 (1338).npy,OQvxeQp6Euns.npy
1 (1339).npy,M19Qma28oQYE.npy
1 (134).npy,sTWmi95gqXUp.npy
1 (1340).npy,DtKdkWLjqAv3.npy
1 (1341).npy,CvliAlN1iT6Q.npy
1 (1342).npy,cYDG3lY2MrCm.npy
1 (1343).npy,uH8pnDiEFlAk.npy
1 (1344).npy,bjqIr8oaPtyM.npy
1 (1345).npy,72UvWQAZpPlo.npy
1 (1346).npy,4Nsn5arfJxQq.npy
1 (1347).npy,pAX93EBUGaFE.npy
1 (1348).npy,ugkOH3b7jM6t.npy
1 (1349).npy,jTRPex7LRXQ8.npy
1 (135).npy,hLUDPufjWsgr.npy
1 (1350).npy,nVy2HMlNwxhC.npy
1 (1351).npy,IsmbCvmzyDph.npy
1 (1352).npy,hHmQkIz4vpHj.npy
1 (1353).npy,CtP9ORMBi5XT.npy
1 (1354).npy,iehzkRX6B6zn.npy
1 (1355).npy,o3LeWH1fxPc3.npy
1 (1356).npy,BQi9sVt73tTe.npy
1 (1357).npy,4nuHTGZyx6IO.npy
1 (1358).npy,d4qYHN09eX4Q.npy
1 (1359).npy,J3v5a8Pxt621.npy
1 (136).npy,Ix5cIYueirHA.npy
1 (1360).npy,2LZUXGrCpWeg.npy
1 (1361).npy,kXSwa0Rd8ICz.npy
1 (1362).npy,EeKSalhiZlsp.npy
1 (1363).npy,MfcauKbKySu4.npy
1 (1364).npy,Wb4G5EQSTQkd.npy
1 (1365).npy,25MbvWkZVwD4.npy
1 (1366).npy,27lmAbMWOrNx.npy
1 (1367).npy,gsVJK4ptMjCV.npy
1 (1368).npy,IeIbZgwQZwFh.npy
1 (1369).npy,54gVnvHSUVUc.npy
1 (137).npy,KUmOeZRxd5Sl.npy
1 (1370).npy,O6CFcch1c41D.npy
1 (1371).npy,57fzoOAWVLIS.npy
1 (1372).npy,nhdfAUjZbAit.npy
1 (1373).npy,t554m2Z7l8ci.npy
1 (1374).npy,Lh3JvVxyqjqP.npy
1 (1375).npy,KTVm2i3xgHKE.npy
1 (1377).npy,yD2HXUIP43tY.npy
1 (1378).npy,Tpl5QuOYJllo.npy
1 (1379).npy,sQATYCfBQTlg.npy
1 (138).npy,U9ghwxtUufMV.npy
1 (1380).npy,7GDB0whWnczx.npy
1 (1381).npy,bzgquYEzQ9q7.npy
1 (1382).npy,XaW9JDirhEyg.npy
1 (1383).npy,lP32U7IfGhnO.npy
1 (1384).npy,QTdv1ZzA6Jbg.npy
1 (1385).npy,IiTitkjMIWuo.npy
1 (1386).npy,ChW80Zvn60nF.npy
1 (1387).npy,3CZHzWbilHjP.npy
1 (1388).npy,f5JFylkTYfCU.npy
1 (1389).npy,Zaf0Tf72tJPZ.npy
1 (139).npy,DCOimY94Il4c.npy
1 (1390).npy,2PJn94EqHu8t.npy
1 (1391).npy,6k40CMuE24kA.npy
1 (1392).npy,nnsSsQBdY3As.npy
1 (1393).npy,kdvTMe8P9LkJ.npy
1 (1394).npy,uudbzCoH3dMn.npy
1 (1395).npy,2lj7M2KKVKUc.npy
1 (1396).npy,9NnI0Bcij7fF.npy
1 (1397).npy,FAwPt4S8J96V.npy
1 (1398).npy,muhFxlkuTlkc.npy
1 (1399).npy,KFOSZLg9kKM0.npy
1 (14).npy,mE6EN6t1hWAp.npy
1 (140).npy,EEX5Ggn3E4Fv.npy
1 (1400).npy,nVqMt5IS1HRO.npy
1 (1401).npy,O06wiLAF4hkV.npy
1 (1402).npy,x6PpmukWkD4G.npy
1 (1403).npy,5MEOgAZJpMA7.npy
1 (1404).npy,oJu4im7V3OcT.npy
1 (1405).npy,pWlP2KdpK79r.npy
1 (1406).npy,dOuTtHuVb2hu.npy
1 (1407).npy,o7OKP0ddiohP.npy
1 (1408).npy,yUvZpRWWRqmX.npy
1 (1409).npy,uc9tjWkBWLG0.npy
1 (141).npy,4Gnq3jgpaDfY.npy
1 (1410).npy,QOFJM7IkNXpp.npy
1 (1411).npy,pwNnUHbon32R.npy
1 (1412).npy,miVGCIGdczRQ.npy
1 (1413).npy,MLpTwy0KBWtt.npy
1 (1414).npy,1rtqXwXqjETP.npy
1 (1415).npy,RaPzYFaLiQLn.npy
1 (1416).npy,TZlSexi0Ezk4.npy
1 (1417).npy,o8zMrkcgxDD4.npy
1 (1418).npy,4PUJt8AAG2jg.npy
1 (1419).npy,JQAyREjhJc6T.npy
1 (142).npy,yi9ag2xlIOOf.npy
1 (1420).npy,QLiDP4W0jig1.npy
1 (1421).npy,5w2ZpWFNcUhB.npy
1 (1422).npy,7h0d5qZhWCOL.npy
1 (1423).npy,EGiOUZwjkUXA.npy
1 (1424).npy,Zt3AsEFu1jh0.npy
1 (1425).npy,o7RUvJZub6bu.npy
1 (1426).npy,ENc2zNXzHjPG.npy
1 (1427).npy,T6CL4AbOCUZN.npy
1 (1428).npy,rED96KccgUjM.npy
1 (1429).npy,0EXUPiOXZpb3.npy
1 (143).npy,QS4QuM4eBM3H.npy
1 (1430).npy,TVUimzqAKmKW.npy
1 (1431).npy,W0NvUP1ZDfHn.npy
1 (1432).npy,Wy4sOOwUq9T0.npy
1 (1433).npy,eu3XGMTVZiJy.npy
1 (1434).npy,0v3uceEcQy5w.npy
1 (1435).npy,8vkN3TmX8GDr.npy
1 (1436).npy,hjW8Sz04IgCp.npy
1 (1437).npy,QKq2X64UjJ1R.npy
1 (1438).npy,6b7j2BCzQnkq.npy
1 (1439).npy,ILEWEDFukqsK.npy
1 (144).npy,G4lSPmW9MJGh.npy
1 (1440).npy,pspIyoEempix.npy
1 (1441).npy,eKgSMYjNdoig.npy
1 (1442).npy,gnO2QHVwp6Ul.npy
1 (1443).npy,H0XXBD6rts4K.npy
1 (1444).npy,R8api9JVGqcg.npy
1 (1445).npy,5EBQUOjsz4UW.npy
1 (1446).npy,Zi4P65ei6omb.npy
1 (1447).npy,c8HV042CaqHz.npy
1 (1448).npy,u8Hel1ftc9d1.npy
1 (1449).npy,5TZNG0tpegl5.npy
1 (145).npy,9nqCNrQRNYmP.npy
1 (1450).npy,PNarCk9oJt3Z.npy
1 (1451).npy,FBwEcdM0auug.npy
1 (1452).npy,rZK21P7DokHv.npy
1 (1453).npy,NIIPAAuBXOLd.npy
1 (1454).npy,EuWlCweCBOZV.npy
1 (1455).npy,3guoeO4TMuyN.npy
1 (1456).npy,VosCmC80V2Zj.npy
1 (1457).npy,K0EfWzOiZvqx.npy
1 (1458).npy,9T7pPTOGETxA.npy
1 (1459).npy,3UpGbyynWbwh.npy
1 (146).npy,YCWk10yNfWvT.npy
1 (1460).npy,UKpDoSl9e5du.npy
1 (1461).npy,NJtcaJRDgXvT.npy
1 (1462).npy,a9eGgn4aIKYC.npy
1 (1463).npy,QMhpqvZOk4jj.npy
1 (1464).npy,nqLYM8fr6CZI.npy
1 (1465).npy,6WklxJcLeLw6.npy
1 (1466).npy,xZdMG8NN6t2A.npy
1 (1467).npy,Y2EjeNQVrgch.npy
1 (1468).npy,MA8lHlF7DWIp.npy
1 (1469).npy,N4W6qdbQlla6.npy
1 (147).npy,vk2BR8e4Mb4j.npy
1 (1470).npy,BtFweTWI1e8A.npy
1 (1471).npy,Npb9l8qqzXph.npy
1 (1472).npy,BP0MVz19OKUj.npy
1 (1473).npy,J9mecEH0vaJZ.npy
1 (1474).npy,qQRLrCj6wVJk.npy
1 (1475).npy,TgsjBqmNnQod.npy
1 (1476).npy,uynNbrYCQvpl.npy
1 (1477).npy,IAcuUrFSthKD.npy
1 (1478).npy,fkKYr7pNusPC.npy
1 (1479).npy,5ueiPOkKLqup.npy
1 (148).npy,9v1oxRgRbgw8.npy
1 (1480).npy,WJ6nkiI1XaDz.npy
1 (1481).npy,0ggs77jOV0ou.npy
1 (1482).npy,poE95hfvdYHZ.npy
1 (1483).npy,Jd2FdntXAlMJ.npy
1 (1484).npy,WHJ9AcOS8XnF.npy
1 (1485).npy,5KxlYNyDL7pU.npy
1 (1486).npy,4SakgwNOdrX3.npy
1 (1487).npy,fmI35wHc2Z2h.npy
1 (1488).npy,cBXPIdWBCGEp.npy
1 (1489).npy,wzxFabC7uGMk.npy
1 (149).npy,d2xIby9xQ7YM.npy
1 (1490).npy,NvskBxpYNQPp.npy
1 (1491).npy,VajiBYq3WIn2.npy
1 (1492).npy,rsEwvaf8SvMB.npy
1 (1493).npy,b2sKNaobEkpE.npy
1 (1494).npy,dWb9jWnNnrZd.npy
1 (1495).npy,yPWXRHpMh60v.npy
1 (1496).npy,tztFseZzffZV.npy
1 (1497).npy,C4hgA0e1tlO6.npy
1 (1498).npy,0SQ0FJr236n0.npy
1 (1499).npy,oPFR5kF5d81c.npy
1 (15).npy,1vCzQfnbPQGm.npy
1 (150).npy,obz6TOg225De.npy
1 (1500).npy,3Sh1EJuFlysh.npy
1 (1501).npy,KnAJWoEGxlRf.npy
1 (1502).npy,Juv0VK81478R.npy
1 (1503).npy,W1jGDjbOAYhd.npy
1 (1504).npy,gZuQcvLpzeVX.npy
1 (1505).npy,Wf7BK6PckZDW.npy
1 (1506).npy,lEK4CIxdIa71.npy
1 (1507).npy,YpUikxOTk3tR.npy
1 (1508).npy,AevqBL4oetqY.npy
1 (1509).npy,wnWsp8aJ2Qnv.npy
1 (151).npy,tB52XcCIUiUX.npy
1 (1510).npy,76hqasrSfLJA.npy
1 (1511).npy,nGKQW4izaVg7.npy
1 (1512).npy,kF3airI2qjhG.npy
1 (1513).npy,YOWDQMJr0Yth.npy
1 (1514).npy,6OaMzdy3pZWR.npy
1 (1515).npy,fMrDYE05Mz7t.npy
1 (1516).npy,15ASH3Ziz9hF.npy
1 (1517).npy,tYw4WVL54DFa.npy
1 (1518).npy,yS5MWt2JmRYS.npy
1 (1519).npy,tVGHrOtTPjs7.npy
1 (152).npy,yeAfvePFGRHZ.npy
1 (1520).npy,51CQFoLq9Xie.npy
1 (1521).npy,0NQIHDyG3zdc.npy
1 (1522).npy,XbD6XfWZRUrx.npy
1 (1523).npy,gcI0N7qqpzQ7.npy
1 (1524).npy,iy6s45Pij1mu.npy
1 (1525).npy,RhUFaRm8O8q6.npy
1 (1526).npy,XRLzw89apNWR.npy
1 (1527).npy,i54kJv46iy7R.npy
1 (1528).npy,IHuXL2z7eBt2.npy
1 (1529).npy,WFuqEOjnKTQQ.npy
1 (153).npy,p0f5rwfZnyOa.npy
1 (1530).npy,Pzw4TrdjudxD.npy
1 (1531).npy,q8UNJZajK014.npy
1 (1532).npy,Ka20MCshqfF6.npy
1 (1533).npy,R3chdDW9uLP5.npy
1 (1534).npy,vOrRRGMXx4fW.npy
1 (1535).npy,0eOKZ2Ugd2Wl.npy
1 (1536).npy,anRk3m2jNAoK.npy
1 (1537).npy,xriUpHLEI6Rj.npy
1 (1538).npy,aSbejFtlwElM.npy
1 (1539).npy,U6nsdwmrtXqx.npy
1 (154).npy,ObvVDqiXapNS.npy
1 (1540).npy,67P3nfVcxuiR.npy
1 (1541).npy,8dTekH5UzbVp.npy
1 (1542).npy,l35Ja6u02k0s.npy
1 (1543).npy,Z9nKo7mgQumV.npy
1 (1544).npy,GJsRR0l9tRR1.npy
1 (1545).npy,UvhXa816xdGI.npy
1 (1546).npy,E06BWXimDaF6.npy
1 (1547).npy,0CwfHDkUTw8z.npy
1 (1548).npy,4uE66SWrL5be.npy
1 (1549).npy,1Qw0y7KtVPSJ.npy
1 (155).npy,4Pi3OxbH5nTS.npy
1 (1550).npy,VJMjlZwFcslQ.npy
1 (1551).npy,wVOOPTNJlWc6.npy
1 (1552).npy,wwE6q9mc8quB.npy
1 (1553).npy,F3AXhqgKzX2z.npy
1 (1554).npy,HUefmgrKYVig.npy
1 (1555).npy,PGdMd3EXFrwc.npy
1 (1556).npy,8rHUNbcbqROu.npy
1 (1557).npy,CgaD8hlKOwkc.npy
1 (1558).npy,hrb0NfP4y0r8.npy
1 (1559).npy,ot8oYOQbRvqD.npy
1 (156).npy,mbpQgIKQ0uLP.npy
1 (1560).npy,XTdE61kiRck1.npy
1 (1561).npy,SL1wJYB3rsaE.npy
1 (1562).npy,pemDIkMALz5a.npy
1 (1563).npy,YnLp0pA23ByJ.npy
1 (1564).npy,wYEXgKj4DJQM.npy
1 (1565).npy,5VeW97LIREUe.npy
1 (1566).npy,YuEeZaS4ccIY.npy
1 (1567).npy,AkTf7oigye3I.npy
1 (1568).npy,r9q40moxazY6.npy
1 (1569).npy,iaWf63rkkoLc.npy
1 (157).npy,016FBV3EfN83.npy
1 (1570).npy,Xleu0i4CofRU.npy
1 (1571).npy,cD2D7JvkJaz8.npy
1 (1572).npy,6D1nOA4xVqmK.npy
1 (1573).npy,8fTXemoA1l1V.npy
1 (1574).npy,rvzHTVIpyj0r.npy
1 (1575).npy,XVn0wStJ7yXZ.npy
1 (1576).npy,xC8pxicKFx6n.npy
1 (1577).npy,mlL0JqIqUIvN.npy
1 (1578).npy,y9QjcIOgrIEp.npy
1 (1579).npy,jT5uRdLF43Av.npy
1 (158).npy,E5zyncLef1jy.npy
1 (1580).npy,tSuJwhOWvVdM.npy
1 (1581).npy,NJas0JGOZzUC.npy
1 (1582).npy,fTTOv3sham16.npy
1 (1583).npy,6Vq5IdhLQviA.npy
1 (1584).npy,7nESYvEBBaui.npy
1 (1585).npy,mYKhSVQQu9Xb.npy
1 (1586).npy,JIhIPG0QOqj5.npy
1 (1587).npy,yTHVRid2aMRp.npy
1 (1588).npy,A2dB1yRm5DYo.npy
1 (1589).npy,Bgm0nB0ICvgy.npy
1 (159).npy,ky5iVSpJqjk8.npy
1 (1590).npy,l5jZGmbmvNu2.npy
1 (1591).npy,3fG3HW51tQQz.npy
1 (1592).npy,W8cZLQcsXMGX.npy
1 (1593).npy,aHUkzINxCoZp.npy
1 (1594).npy,IQymzexMaB0T.npy
1 (1595).npy,dwgMgGms4t1Y.npy
1 (1596).npy,cNxxCrYdFr5m.npy
1 (1597).npy,SgWd01ehnvZd.npy
1 (1598).npy,ZPtecjPGQ4Ak.npy
1 (1599).npy,Zrs8XtT4npeV.npy
1 (16).npy,xBNcxIauo6dW.npy
1 (160).npy,lwq4yttUqRHI.npy
1 (1600).npy,xn6mPlH2l5db.npy
1 (1601).npy,MuciRBKMrw2I.npy
1 (1602).npy,I2w5xsh9cJrb.npy
1 (1603).npy,36N7ExEDI9Km.npy
1 (1604).npy,yiLYGGUQtrlp.npy
1 (1605).npy,PNnUp5Flg9V0.npy
1 (1606).npy,LaigGdPoA7JC.npy
1 (1607).npy,DaSvoyujMn41.npy
1 (1608).npy,49a9wPLCZLg3.npy
1 (1609).npy,ESsAOjypuqg3.npy
1 (161).npy,wJJehtjrhntZ.npy
1 (1610).npy,rqrdNHGuwNQc.npy
1 (1611).npy,PmqyWeGzHEY4.npy
1 (1612).npy,5aJAjfL8fXg8.npy
1 (1613).npy,pUwvQpykUgH3.npy
1 (1614).npy,64RjZ7cwWPwu.npy
1 (1615).npy,vvykLv2CgTqS.npy
1 (1616).npy,kH3WHVDOZv4w.npy
1 (1617).npy,MX3y41wTQXC0.npy
1 (1618).npy,74bbiCKgWQgN.npy
1 (1619).npy,mriyQPbKgFrH.npy
1 (162).npy,IjWZwhsmJrIm.npy
1 (1620).npy,x4xekmI6R5EB.npy
1 (1621).npy,CvlDgjgBStG2.npy
1 (1622).npy,ZSJgW34qSlAb.npy
1 (1623).npy,dGabTQ62ls3W.npy
1 (1624).npy,Uw1A2hxjettN.npy
1 (1625).npy,y2eLOYatqbwl.npy
1 (1626).npy,wNcCUbXPKF18.npy
1 (1627).npy,Dq5qjQqJwo6r.npy
1 (1628).npy,kuGLZkvTz53Y.npy
1 (1629).npy,0tyTUS0YUjVx.npy
1 (163).npy,f8yBu96RJApN.npy
1 (1630).npy,kJW2IDYwKfms.npy
1 (1631).npy,2xOIXV4junV8.npy
1 (1632).npy,5MTgNwBkLm9A.npy
1 (1633).npy,IHNr9iMXUysR.npy
1 (1634).npy,4GhRiKxNg7mD.npy
1 (1635).npy,92fpIVplMTED.npy
1 (1636).npy,iO2O3GThUpBZ.npy
1 (1637).npy,PHMOpUbawFtM.npy
1 (1638).npy,fwflF9ITgKYU.npy
1 (1639).npy,RYNrgOUc3Nk6.npy
1 (164).npy,ORqbL2fLv6p2.npy
1 (1640).npy,TaRQEl6d7LP8.npy
1 (1641).npy,V2RvvKMlctIg.npy
1 (1642).npy,PUOG4lC1ksco.npy
1 (1643).npy,alenu2ldeSCe.npy
1 (1644).npy,HfbjgEraH8Kp.npy
1 (1645).npy,bOKEoipz26Nu.npy
1 (1646).npy,AiBxZUV0Ohyj.npy
1 (1647).npy,EDHGpGzNKuHn.npy
1 (1648).npy,u6nmTHKls2Aq.npy
1 (1649).npy,Udfa37EoBYaU.npy
1 (165).npy,CwgCpoItwYi9.npy
1 (1650).npy,uELAwgiCncvb.npy
1 (1651).npy,gKqEY76dE6Ni.npy
1 (1652).npy,QGpB2e8xeQ2e.npy
1 (1653).npy,FGBAoXejz6vk.npy
1 (1654).npy,R85nWK71XwCw.npy
1 (1655).npy,SpvIheATSDlS.npy
1 (1656).npy,O9cPJH7kHbfK.npy
1 (1657).npy,uIxS8suRKTZg.npy
1 (1658).npy,IMFsDrQH9P1Y.npy
1 (1659).npy,GmM9XYT2jvdB.npy
1 (166).npy,2XLZRLp1I4se.npy
1 (1660).npy,SgJPEpuMZjp2.npy
1 (1661).npy,s2rMa6MauFGM.npy
1 (1662).npy,CIWbqYNnF7AL.npy
1 (1663).npy,Fq7xRnAlbMfC.npy
1 (1664).npy,4vhd4JGY8T6O.npy
1 (1665).npy,I46GbIcy4EMz.npy
1 (1666).npy,QmRRyELiZiMo.npy
1 (1667).npy,pFTZuPRd3EbS.npy
1 (1668).npy,Y3DhF0F1ZKFJ.npy
1 (1669).npy,WVPnmDv7LW96.npy
1 (167).npy,V3BVmRbejr1T.npy
1 (1670).npy,LiINqCjLgowD.npy
1 (1671).npy,fq4JxTiMtfwq.npy
1 (1672).npy,JGVpDFLutr8a.npy
1 (1673).npy,5iwZCxtVN3Y7.npy
1 (1674).npy,jQauVwZGXNUG.npy
1 (1675).npy,EiHYxhXXjGXZ.npy
1 (1676).npy,DtTw0yOpyTCV.npy
1 (1677).npy,R4luURzGvMpl.npy
1 (1678).npy,A1cTiyMzh63b.npy
1 (1679).npy,tUcbpPeHdXoF.npy
1 (168).npy,EUj9Bj99VcMf.npy
1 (1680).npy,89RoDKwuJrE8.npy
1 (1681).npy,C2tCR8lY4OtE.npy
1 (1682).npy,dpdnwnL0ZVMN.npy
1 (1683).npy,AHDXtaWu1fr6.npy
1 (1684).npy,bxXFBYo3vCs4.npy
1 (1685).npy,97qEcJDmY5m6.npy
1 (1686).npy,g5CoBMQ6Z0hy.npy
1 (1687).npy,gcRFTYe8bNpM.npy
1 (1688).npy,w73DljhDtX1T.npy
1 (1689).npy,pwrX2ZxWQu0E.npy
1 (169).npy,IwhohLOK7UsQ.npy
1 (1690).npy,KClbSqNv1Jnm.npy
1 (1691).npy,UhWTbmgN79sf.npy
1 (1692).npy,C36TZCrX6efm.npy
1 (1693).npy,0jPZ4v88rWph.npy
1 (1694).npy,pu9MpRdvzE3v.npy
1 (1695).npy,WnVza4UDXPOr.npy
1 (1696).npy,1cDqHpDVbgmi.npy
1 (1697).npy,qcTh6KkJHSmV.npy
1 (1698).npy,5kgiAcG63oBg.npy
1 (1699).npy,br63yReCmi0y.npy
1 (17).npy,M9euDIz8HPFV.npy
1 (170).npy,cnYhXq5ypYtm.npy
1 (1700).npy,ShNliRlTvIwy.npy
1 (1701).npy,J7O5k0pcntKN.npy
1 (1702).npy,Qh6jyqAQ7QUq.npy
1 (1703).npy,nXhQ0rq7OIRf.npy
1 (1704).npy,u46oAL2GNteX.npy
1 (1705).npy,G438RVh8WeTP.npy
1 (1706).npy,U74mjSvZtL7M.npy
1 (1707).npy,f1CdVPxbrM9p.npy
1 (1708).npy,2OV25GuSCdgS.npy
1 (1709).npy,0ZDdZecafdBw.npy
1 (171).npy,sucQdIlQRrXP.npy
1 (1710).npy,eN2Bpkbwlfoa.npy
1 (1711).npy,GggD5Oq3809I.npy
1 (1712).npy,pC3I6GimNA2Z.npy
1 (1713).npy,cEgSMZelwY9Q.npy
1 (1714).npy,wtRjEHVIdgcC.npy
1 (1715).npy,AE4BYkjFTjU9.npy
1 (1716).npy,VvzOkj03ABPZ.npy
1 (1717).npy,ARfJYw1OjNJs.npy
1 (1718).npy,yZ6MBRJOYUhO.npy
1 (1719).npy,vr3MkWRakHrM.npy
1 (172).npy,80yGsxLRhQPX.npy
1 (1720).npy,H0Tw8pTGdJFz.npy
1 (1721).npy,S3ezsLFWknSp.npy
1 (1722).npy,TzcSNHrNzcAI.npy
1 (1723).npy,2LNtdIwgq0aZ.npy
1 (1724).npy,J4TXbh9anZuU.npy
1 (1725).npy,jMyv9WIsQg14.npy
1 (1726).npy,aHhcDW3q2yzU.npy
1 (1727).npy,r4VevhcFNPh5.npy
1 (1728).npy,8qGdlJ6r2KC8.npy
1 (1729).npy,grg3BXW4eyqI.npy
1 (173).npy,O9oKQiFvz9YK.npy
1 (1730).npy,EuqAFqM3Ppm2.npy
1 (1731).npy,W5Ndjh9gNky1.npy
1 (1732).npy,vxvCd4fDoKNy.npy
1 (1733).npy,cLkfuyxH8KSf.npy
1 (1734).npy,DDQybmC93JKN.npy
1 (1735).npy,Ae6tILYWPoou.npy
1 (1736).npy,iOcxeXTvHOiE.npy
1 (1737).npy,YgS7lLukBnMz.npy
1 (1738).npy,vPS9bHNL9tES.npy
1 (1739).npy,vU9TsHbXe5L4.npy
1 (174).npy,8gFeNwt2uLnm.npy
1 (1740).npy,iCDhE6b4my6T.npy
1 (1741).npy,hnaElxNJI27v.npy
1 (1742).npy,3QuVTkQqzs97.npy
1 (1743).npy,IN7UGG3AvweK.npy
1 (1744).npy,yZrtOWj3AymB.npy
1 (1745).npy,62JWqictXVrD.npy
1 (1746).npy,AP5Ch89o6ucM.npy
1 (1747).npy,dq85Ess2vPxe.npy
1 (1748).npy,bbLt2lxme7yT.npy
1 (1749).npy,XNTDbIC1Ltjx.npy
1 (175).npy,C3AwCV9Bt7A2.npy
1 (1750).npy,A9qT7SKyix15.npy
1 (1751).npy,gKTi44rQYsBj.npy
1 (1752).npy,kfLKu0eEwOrX.npy
1 (1753).npy,fXSF8BGWArBW.npy
1 (1754).npy,5rJWg2yejjwS.npy
1 (1755).npy,Fmjvi6K6Opsl.npy
1 (1756).npy,lFFzQ8PR05sK.npy
1 (1757).npy,xDNz0BNlu218.npy
1 (1758).npy,77wdOd98OOEo.npy
1 (1759).npy,5lSnhXq7hphC.npy
1 (176).npy,xvGk9xuITThX.npy
1 (1760).npy,4bCTh2Bl4Hft.npy
1 (1761).npy,qlCQVzgogIPO.npy
1 (1762).npy,PnEuHmjfYWVq.npy
1 (1763).npy,IRIVIUCA8QPB.npy
1 (1764).npy,ctvnECBqwVCZ.npy
1 (1765).npy,lAUrHjNaXw2x.npy
1 (1766).npy,uHCC6onRUHGE.npy
1 (1767).npy,6eAxAo5GUPHB.npy
1 (1768).npy,ONt8KZTaUDeJ.npy
1 (1769).npy,Rxy6y1gBjcOG.npy
1 (177).npy,X8XSAJPNArxM.npy
1 (1770).npy,9hKYxnpmBjm0.npy
1 (1771).npy,zbSCBu6F0AlR.npy
1 (1772).npy,hXA5eF6O8aQq.npy
1 (1773).npy,nI80iQVAHGDc.npy
1 (1774).npy,nVGB6hbBkTOP.npy
1 (1775).npy,S9b2XfU7dkFM.npy
1 (1776).npy,vVbFQKrgJyUB.npy
1 (1777).npy,r35vr6Acroga.npy
1 (1778).npy,xOall3xtPwAZ.npy
1 (1779).npy,ML7CtZxfoR4p.npy
1 (178).npy,M9fxdaH95mtM.npy
1 (1780).npy,CxtgKcbKj6YD.npy
1 (1781).npy,eyzpGL9Vuqt3.npy
1 (1782).npy,GCtOkJo2BS19.npy
1 (1783).npy,0lwDSFqNr2r6.npy
1 (1784).npy,aYDuFaxn5veK.npy
1 (1785).npy,uhTIK2lcypE5.npy
1 (1786).npy,ZgWKn8rCCrAE.npy
1 (1787).npy,0iA7DRGOxV6m.npy
1 (1788).npy,eS2CcWW27zW1.npy
1 (1789).npy,7ihvXEWiybyn.npy
1 (179).npy,AMzaqLjxeJPe.npy
1 (1790).npy,ObSBbC4RtZvp.npy
1 (1791).npy,L136SADyE9xf.npy
1 (1792).npy,Xlw8Z2SoKjLp.npy
1 (1793).npy,ePI6HJ5GpNuC.npy
1 (1794).npy,eo5rsRhUIq6O.npy
1 (1795).npy,qRVEV1F9dnvH.npy
1 (1796).npy,LxXv0Zb7ETTI.npy
1 (1797).npy,zp9JDg4uQqYy.npy
1 (1798).npy,B6cp056KtEbf.npy
1 (1799).npy,T5UmBU9NLT4J.npy
1 (18).npy,viKG9nqLuN04.npy
1 (180).npy,LwoG8QqPHWId.npy
1 (1800).npy,4DEYuQcBwcIu.npy
1 (1801).npy,LZ6j5yQkiph2.npy
1 (1802).npy,NyLAG96Ne7Q2.npy
1 (1803).npy,MBkcIOtZCa9r.npy
1 (1804).npy,KpYszJdfEaPM.npy
1 (1805).npy,Pr6JQgeBTkxK.npy
1 (1806).npy,V0UdlGxqrme6.npy
1 (1807).npy,UuYAif1sTFqm.npy
1 (1808).npy,ZGGWLvsQsKGA.npy
1 (1809).npy,Oh98BRLK8Ten.npy
1 (181).npy,Mz0J3jMLiHZ3.npy
1 (1810).npy,WwIWtIcrK6Rv.npy
1 (1811).npy,rGUSaxtnI66q.npy
1 (1812).npy,jwENg0KRnz8y.npy
1 (1813).npy,PeNJLt9NMioB.npy
1 (1814).npy,HAFUOWAJcxvT.npy
1 (1815).npy,kcdEQ2fnUkSo.npy
1 (1816).npy,x6wU5mUbKn3t.npy
1 (1817).npy,Wa4HTbB07zkr.npy
1 (1818).npy,hAv8oVZradAe.npy
1 (1819).npy,M64EkIUBalDx.npy
1 (182).npy,Fy8aI9uVuG7J.npy
1 (1820).npy,UYIqkYndVyOu.npy
1 (1821).npy,GzasoQmySooI.npy
1 (1822).npy,lff7CL2NJZBX.npy
1 (1823).npy,yDRLlrj0H5zr.npy
1 (1824).npy,4PfX8rFurn1q.npy
1 (1825).npy,K8vgoive2pnJ.npy
1 (1826).npy,d0sNFpl2luer.npy
1 (1827).npy,4ULWSH8xTh7N.npy
1 (1828).npy,YmUtljfdU8z9.npy
1 (1829).npy,o8ao2UQEg0KK.npy
1 (183).npy,43U7dxUmobUq.npy
1 (1830).npy,dzItZ0Y8iI9m.npy
1 (1831).npy,Dg1kO6k3dN8u.npy
1 (1832).npy,MkfCQpA2Kv5o.npy
1 (1833).npy,6v7IvqAhpWgP.npy
1 (1834).npy,abp6L37ds6T3.npy
1 (1835).npy,PvcHaMiNOtji.npy
1 (1836).npy,hhmdumcZWl3d.npy
1 (1837).npy,RMKa42bMzKg2.npy
1 (1838).npy,rA8pBUdHppx5.npy
1 (1839).npy,8EpAwAk06D3L.npy
1 (184).npy,ECUMxfoVopL9.npy
1 (1840).npy,3klGoeyDfhzn.npy
1 (1841).npy,XwYGq9PDo93p.npy
1 (1842).npy,Kf6f6zsKQgQL.npy
1 (1843).npy,Qt9Fo4gGNymw.npy
1 (1844).npy,8wnQEans3zmm.npy
1 (1845).npy,K3nmOdl7khy9.npy
1 (1846).npy,X3YZrIcYFDc5.npy
1 (1847).npy,nPTnI1GxBycg.npy
1 (1848).npy,VUyQXPYgD52Z.npy
1 (1849).npy,HMtKt0DqKDqM.npy
1 (185).npy,J7K7s1rX116i.npy
1 (1850).npy,10Rn30YuOamn.npy
1 (1851).npy,zVsqrSqMgKBl.npy
1 (1852).npy,8AgL1Fy6aUnZ.npy
1 (1853).npy,W7OSVrYA2zsJ.npy
1 (1854).npy,QSOLj8ffQ0Jm.npy
1 (1855).npy,Hd6rl4JHjl3k.npy
1 (1856).npy,CCXljIXLPsQl.npy
1 (1857).npy,MRg2kHsz5d4r.npy
1 (1858).npy,K8kJmBSex2CK.npy
1 (1859).npy,o7IEmqXygASN.npy
1 (186).npy,fyRohhf6yDQ8.npy
1 (1860).npy,YkH24RFmAHAt.npy
1 (1861).npy,iNCylMSbEoET.npy
1 (1862).npy,X8Zv3T9cXBaz.npy
1 (1863).npy,1hRqkwfR38zC.npy
1 (1864).npy,aSL2zX1IX068.npy
1 (1865).npy,9mutGtPVAJQG.npy
1 (1866).npy,dcosU0ioF12r.npy
1 (1867).npy,Axu41M9XVNWI.npy
1 (1868).npy,fYzUE5sSvnrb.npy
1 (1869).npy,vHkvEKDQN4be.npy
1 (187).npy,D3YxK8syv7c4.npy
1 (1870).npy,f9OWeX3C1lVI.npy
1 (1871).npy,eUSR4jdDLXqP.npy
1 (1872).npy,7t9ikwGSdhL6.npy
1 (1873).npy,2rer42SWjBAH.npy
1 (1874).npy,qRudmccgnvHc.npy
1 (1875).npy,an23ULQ62gO6.npy
1 (1876).npy,477s6W3mxySm.npy
1 (1877).npy,WKawaJwb64eU.npy
1 (1878).npy,1FFbeSRERx9M.npy
1 (1879).npy,fNK2BlLUMAsy.npy
1 (188).npy,ck8moSgGE8ru.npy
1 (1880).npy,f8VidhkNL6el.npy
1 (1881).npy,nr1tfX0RS88E.npy
1 (1882).npy,9Z2HJ7rHUeCg.npy
1 (1883).npy,uHLa3kaFmRAP.npy
1 (1884).npy,ByxkEzWLga0I.npy
1 (1885).npy,UtT5cs7Krpj2.npy
1 (1886).npy,lsAfwTY8dPTP.npy
1 (1887).npy,yIPOizhTQ4ey.npy
1 (1888).npy,Hd6k2NufCzkp.npy
1 (1889).npy,vlWf9EMRdwGm.npy
1 (189).npy,7hstKYk4euRt.npy
1 (1890).npy,QNVr5Dnp970w.npy
1 (1891).npy,NKaRUvdaEcWI.npy
1 (1892).npy,Z7XNDz0YxakK.npy
1 (1893).npy,qHJhtW1WsoCf.npy
1 (1894).npy,nopBl5SxG7Yt.npy
1 (1895).npy,2XVwa8vKdp7i.npy
1 (1896).npy,CF2RDH44tkbo.npy
1 (1897).npy,6aZ5g1vY989R.npy
1 (1898).npy,om5jls3NElNG.npy
1 (1899).npy,gwqLUY1A6LgM.npy
1 (19).npy,fxJ11VzLRFnQ.npy
1 (190).npy,Cx6mlrq057Vt.npy
1 (1900).npy,7XvGPHWrtI7D.npy
1 (1901).npy,R4OJHJC4DRrl.npy
1 (1902).npy,0traygYGrioz.npy
1 (1903).npy,PmTE879w67gn.npy
1 (1904).npy,0F4Ks7SiASTb.npy
1 (1905).npy,hqF2RRKEHPVC.npy
1 (1906).npy,tVnhyz6xlfb3.npy
1 (1907).npy,nEIebQqex12O.npy
1 (1908).npy,wzlWDJVfiHLE.npy
1 (1909).npy,3mlkYPcX859M.npy
1 (191).npy,Be5voRqltfCm.npy
1 (1910).npy,peVn9URxNf6W.npy
1 (1911).npy,3JaiUI1fNbhx.npy
1 (1912).npy,QDnNmmViTZL2.npy
1 (1913).npy,DuduiHvX1Mys.npy
1 (1914).npy,JsBot0UXtulD.npy
1 (1915).npy,bbmqEy7oLFYG.npy
1 (1916).npy,gIJBIq9y5IPA.npy
1 (1917).npy,DeLV3r2NiYJ2.npy
1 (1918).npy,ouK2uihZQssc.npy
1 (1919).npy,ViIcO9uqVB8V.npy
1 (192).npy,wLkdrH69UvDi.npy
1 (1920).npy,YaNQYcRd0MQ4.npy
1 (1921).npy,CW9UqwLhqtdC.npy
1 (1922).npy,qpkwm3uZYSKT.npy
1 (1923).npy,tzVI7KkIMOIH.npy
1 (1924).npy,2cRQlVdgEypK.npy
1 (1925).npy,VDqWCkrNWbjb.npy
1 (1926).npy,HwLrsPEvheky.npy
1 (1927).npy,wIu1xjtHNM4x.npy
1 (1928).npy,fSs6dygGXqCK.npy
1 (1929).npy,w9hp2NAqLtyu.npy
1 (193).npy,3F2TJIw3LCVQ.npy
1 (1930).npy,1avC4Qcd8g9o.npy
1 (1931).npy,14Js3hn7EFlb.npy
1 (1932).npy,NDNq4UTWvmLV.npy
1 (1933).npy,egi5aZHShkOL.npy
1 (1934).npy,aReyEA0wyBTZ.npy
1 (1935).npy,BagDGOUVP0nA.npy
1 (1936).npy,QFMFTx0qAdYu.npy
1 (1937).npy,niwqiRguIECT.npy
1 (1938).npy,sdDcWpewWUED.npy
1 (1939).npy,GRBvHJX6aYPQ.npy
1 (194).npy,DpmUidKhraq4.npy
1 (1940).npy,pdlHEmuljriI.npy
1 (1941).npy,ZFwHm3y5jF9q.npy
1 (1942).npy,w1ZgwXpGxZw8.npy
1 (1943).npy,oPKprM2HTrqZ.npy
1 (1944).npy,Lx8wgsrG4cwz.npy
1 (1945).npy,Q67Y4zdM0BvU.npy
1 (1946).npy,DG0zo4j4fcf2.npy
1 (1947).npy,mogty04OUkq7.npy
1 (1948).npy,ur1DhmdbAmop.npy
1 (1949).npy,u1zKXktb5biV.npy
1 (195).npy,jht5AarQQy7N.npy
1 (1950).npy,BAE6ydej7LSl.npy
1 (1951).npy,L2ajb9FLSYJk.npy
1 (1952).npy,3eon0MYLMnzS.npy
1 (1953).npy,9viFLqkP9f4v.npy
1 (1954).npy,9CI69VMlmrTp.npy
1 (1955).npy,wNZcVOciY0Kq.npy
1 (1956).npy,WVFmoU3vrpjf.npy
1 (1957).npy,5gwcoj5sl0TC.npy
1 (1958).npy,lrR51YHbHQ2Z.npy
1 (1959).npy,TuoNMR7xGZuU.npy
1 (196).npy,igNQCFZngoSd.npy
1 (1960).npy,ktW7ZEKglT3J.npy
1 (1961).npy,IHueK9OgBGso.npy
1 (1962).npy,QSCezhfs6jaV.npy
1 (1963).npy,lCDPZshOAgIg.npy
1 (1964).npy,WPMsrZVjG9aH.npy
1 (1965).npy,mEUmHGaAIlby.npy
1 (1966).npy,hiCv5VHjSZV6.npy
1 (1967).npy,bnRnzcU1Qf0F.npy
1 (1968).npy,gPAWZVeJC8dS.npy
1 (1969).npy,gSHo2Ppc4u85.npy
1 (197).npy,nwb4DBbyBL3r.npy
1 (1970).npy,rogB0S6EPoXz.npy
1 (1971).npy,FQbKpsv59uZg.npy
1 (1972).npy,7wCaRBJEZRe9.npy
1 (1973).npy,zQWUP1n60c10.npy
1 (1974).npy,pAbUaZ0K6rQA.npy
1 (1975).npy,ahZi6qHIYA0i.npy
1 (1976).npy,0aYQJ6DhbKj7.npy
1 (1977).npy,od8GFJ7kozBU.npy
1 (1978).npy,4jcrBEZ8K91s.npy
1 (1979).npy,LHeEv1pdlSp7.npy
1 (198).npy,A9eG1qYP20G0.npy
1 (1980).npy,SC2u37pIdNbi.npy
1 (1981).npy,QvNtMcdP96iq.npy
1 (1982).npy,0tSPk6Tc77Uf.npy
1 (1983).npy,HP074RmN0kDc.npy
1 (1984).npy,AjGp7zJdwtMk.npy
1 (1985).npy,keSawJtYxJVv.npy
1 (1986).npy,8SlYJ5vNICko.npy
1 (1987).npy,OQoiqsqhcWzd.npy
1 (1988).npy,Du4j8Fn1kn0R.npy
1 (1989).npy,b8GMAK5VH6RF.npy
1 (199).npy,DB4PIb3kHQhr.npy
1 (1990).npy,ufkfbqmH9Hag.npy
1 (1991).npy,zrxbM4QsJNW3.npy
1 (1992).npy,G2atoHVN0Deg.npy
1 (1993).npy,8ryeAVSt7Hlj.npy
1 (1994).npy,Bz8iPUUktjfv.npy
1 (1995).npy,4a1TKHEEYWBG.npy
1 (1996).npy,3TQSYSYl1uH2.npy
1 (1997).npy,Vg7X5NfbvaCU.npy
1 (1998).npy,9A9KnNYjXqxV.npy
1 (1999).npy,hT6SSw6azZRb.npy
1 (2).npy,zNliyJOHeBVj.npy
1 (20).npy,dZsFZeCtoWGt.npy
1 (200).npy,BpvKfTOwgVu2.npy
1 (2000).npy,4dPbG1UOZFPA.npy
1 (2001).npy,gx3plhBOC81X.npy
1 (2002).npy,OC8XBOrKmsZN.npy
1 (2003).npy,JmWYOcU9JwR9.npy
1 (2004).npy,R37fbggjYrQm.npy
1 (2005).npy,uzi9dRsPuXHE.npy
1 (2006).npy,ATrm7mLWWD5k.npy
1 (2007).npy,tsnaC2hV09gW.npy
1 (2008).npy,9SwpgeK5e1sN.npy
1 (2009).npy,SrmclxZW9Ano.npy
1 (201).npy,N8xlhDovYse6.npy
1 (2010).npy,fxRmnt7x0Snk.npy
1 (2011).npy,WJi0gtm5UFi2.npy
1 (2012).npy,KzSS8CC67Ug9.npy
1 (2013).npy,wGx9Qxz2n2MJ.npy
1 (2014).npy,swB4fu99sJ21.npy
1 (2015).npy,2QQCdeATTMqb.npy
1 (2016).npy,Exqda61H7cy5.npy
1 (2017).npy,gchHlXF4NhzV.npy
1 (2018).npy,3bpUIVyxXmhs.npy
1 (2019).npy,pGL3paxg6IHj.npy
1 (202).npy,QMl3keS9uezh.npy
1 (2020).npy,PzWBNLyenUUq.npy
1 (2021).npy,lSEN0tlwAiPG.npy
1 (2022).npy,XuhUBZk6GoFz.npy
1 (2023).npy,rOBIv5F5goJz.npy
1 (2024).npy,rJNlyjIGI57o.npy
1 (2025).npy,ouskPCNRUqqo.npy
1 (2026).npy,QwXPC2UzXEXK.npy
1 (2027).npy,hzF6ABiGBHrx.npy
1 (2028).npy,Fa3Kag3XAaF3.npy
1 (2029).npy,Y2pyhcqJwbLk.npy
1 (203).npy,685Pgmi8K8QM.npy
1 (2030).npy,3GHOFNASJWw0.npy
1 (2031).npy,HVH4sO6SZBkb.npy
1 (2032).npy,qSE4k6uuhngu.npy
1 (2033).npy,vvz4kIHWw9ai.npy
1 (2034).npy,25brawUvQqYG.npy
1 (2035).npy,s4LOp9Wd7TZ5.npy
1 (2036).npy,QC1RbF9jSxdQ.npy
1 (2037).npy,KZyOgca2iS3H.npy
1 (2038).npy,FfOX4VF31JAT.npy
1 (2039).npy,M5mOQDPVUdMn.npy
1 (204).npy,tdd18Zt4OTl2.npy
1 (2040).npy,FgQXsVVOfC8R.npy
1 (2041).npy,LhDhLa9Mh8ye.npy
1 (2042).npy,NR5eYOC0X1ti.npy
1 (2043).npy,UnZD1xy2Cycv.npy
1 (2044).npy,viD78mNsw4Fq.npy
1 (2045).npy,XkZkKH95MTTB.npy
1 (2046).npy,Iq3TYHPfVyBa.npy
1 (2047).npy,2uL17WqCmebL.npy
1 (2048).npy,xVDnOlrySTkB.npy
1 (2049).npy,ujgaepsGoWg8.npy
1 (205).npy,SrEKF3uev6zI.npy
1 (2050).npy,H3vDePKhHcsJ.npy
1 (2051).npy,cXLxXlnS4C4A.npy
1 (2052).npy,Y44bcT6TPqAQ.npy
1 (2053).npy,oyOSFTfZkdnR.npy
1 (2054).npy,30pkPgqkZott.npy
1 (2055).npy,4aq4lOaX8PCg.npy
1 (2056).npy,CSUZIT5MyXMS.npy
1 (2057).npy,4QPDbMkTkFtp.npy
1 (2058).npy,FEc70PpXo4mz.npy
1 (2059).npy,vBWILRQ9ecfN.npy
1 (206).npy,RujmhHVWn9hd.npy
1 (2060).npy,Es09PRmFaDqu.npy
1 (2061).npy,VEjnj9zIl2G8.npy
1 (2062).npy,ktwbzbiCPHir.npy
1 (2063).npy,vg3BMgf2Pf49.npy
1 (2064).npy,UHNfcSMGtdqp.npy
1 (2065).npy,2ftA6EWjzTC8.npy
1 (2066).npy,CqOwxp4XN7pz.npy
1 (2067).npy,oiRZAYVOwJVP.npy
1 (2068).npy,mU4Gc5XLQRlC.npy
1 (2069).npy,SYgf3VqVBPKZ.npy
1 (207).npy,SOmuZuUQJXJs.npy
1 (2070).npy,6vcsgT63v9BT.npy
1 (2071).npy,Vydq2voyN9oY.npy
1 (2072).npy,CQYKs12i0vDs.npy
1 (2073).npy,tCUaNTeGkJEV.npy
1 (2074).npy,6qTFM5yOesoQ.npy
1 (2075).npy,5AdWHjxLFzKd.npy
1 (2076).npy,z0s51vHRyC7C.npy
1 (2077).npy,dzLukC1f9bXr.npy
1 (2078).npy,VEBx1lgUv6pI.npy
1 (208).npy,BR0XfAfLPP47.npy
1 (2080).npy,zTyUEuYI0jJv.npy
1 (2081).npy,FKyw2fDvbXrB.npy
1 (2082).npy,Lj3NzSASP0KY.npy
1 (2083).npy,42MslhPc7JGd.npy
1 (2084).npy,pXi9jLToLIJ5.npy
1 (2085).npy,1EkkqKlnz3Tm.npy
1 (2086).npy,hOP5rz0YUvLG.npy
1 (2087).npy,jQ3Lunk3hVDb.npy
1 (2088).npy,klQVww99LGSD.npy
1 (2089).npy,pE2T9YLHFjPk.npy
1 (209).npy,JqHz9eb2UdXL.npy
1 (2090).npy,gcar74yvS4K2.npy
1 (2091).npy,eqHKCrfTymoE.npy
1 (2092).npy,o26oWGzCjgSU.npy
1 (2093).npy,h42flaqYd3LZ.npy
1 (2094).npy,szRRq5LamW9k.npy
1 (2095).npy,mb4BDCV80MvN.npy
1 (2096).npy,TowNSeNwRirv.npy
1 (2097).npy,PfkpXuZNxAlu.npy
1 (2098).npy,52uXaF0S3eM1.npy
1 (2099).npy,TN8xkQAMfz3h.npy
1 (21).npy,3uzADEj581oK.npy
1 (210).npy,Zj3DebCG2oJ5.npy
1 (2100).npy,dQkSRFHt9Zor.npy
1 (2101).npy,kFRBnBooyNQe.npy
1 (2102).npy,f9yZn1CnUjvq.npy
1 (2103).npy,w9Vk8xEya5Q3.npy
1 (2104).npy,o0YpL75xHuvi.npy
1 (2105).npy,xnQaLYJNEl2r.npy
1 (2106).npy,zOyRfLdSSp9W.npy
1 (2107).npy,8lnwqW71KAkI.npy
1 (2108).npy,NggDgorrQqiG.npy
1 (2109).npy,TTdRElDcPC1h.npy
1 (211).npy,NaCjVbEXd23E.npy
1 (2110).npy,fZPlWHnX747W.npy
1 (2111).npy,Eh9OfQ7D1ylK.npy
1 (2112).npy,3lDkIeU89RnY.npy
1 (2113).npy,doLoQDX4Mcmg.npy
1 (2114).npy,Xxl2UgbeIcrs.npy
1 (2115).npy,Om3YdS41wVkV.npy
1 (2116).npy,ujnASoo1HTXw.npy
1 (2117).npy,JH0WuXD4nMKE.npy
1 (2118).npy,qyMUXTsQKVG9.npy
1 (2119).npy,XKZk1NtK2hYr.npy
1 (212).npy,xJz1t9YenUz1.npy
1 (2120).npy,yyMD8vfZkeWQ.npy
1 (2121).npy,FGwVhaPBbFsG.npy
1 (2122).npy,Sn6WwD1cLE80.npy
1 (2123).npy,zR9nu0183Zqk.npy
1 (2124).npy,33BJ3VzNTXEz.npy
1 (2125).npy,Q1puOxGkohWy.npy
1 (2126).npy,7AIU7wfzwdDf.npy
1 (2127).npy,zwXBVJejLQWT.npy
1 (2128).npy,ujKrMWz1zN8F.npy
1 (2129).npy,XHK31MQu8MIv.npy
1 (213).npy,MX95avd0ja7U.npy
1 (2130).npy,xvYGId9ZX6Ra.npy
1 (2131).npy,csfu0wlDuwOn.npy
1 (2132).npy,UMgvXcuPIN30.npy
1 (2133).npy,GSdWLGKbx8OO.npy
1 (2134).npy,pOyfrWtOAQ6a.npy
1 (2135).npy,bOcX1XWT7sjH.npy
1 (2136).npy,Y1CH67T9JZBw.npy
1 (2137).npy,MK6HrXyCYC2E.npy
1 (2138).npy,nOKhZSHgDStd.npy
1 (2139).npy,Z0XL2QZRfdJp.npy
1 (214).npy,Ea17LCRmNtpQ.npy
1 (2140).npy,dfrl1Y5EnZVT.npy
1 (2141).npy,QVJYwyMXOXBl.npy
1 (2142).npy,viNrcDP0Ojhp.npy
1 (2143).npy,SdXcVaO0syJl.npy
1 (2144).npy,SjX2iBJ1X1ie.npy
1 (2145).npy,cZojrblirYoX.npy
1 (2146).npy,wNhXmEDBTR2Y.npy
1 (2147).npy,EaUhHAcrFx51.npy
1 (2148).npy,3sAh4P2umQaJ.npy
1 (2149).npy,fnujw99JuCcg.npy
1 (215).npy,bqAwTyGKOUc3.npy
1 (2150).npy,7V5OCEiCCCg6.npy
1 (2151).npy,fc9ie50CkOOw.npy
1 (2152).npy,NNgCszkSYV7u.npy
1 (2153).npy,X4WD6qRIB4il.npy
1 (2154).npy,6uArjUwbLX9D.npy
1 (2155).npy,GmC04fzOOewA.npy
1 (2156).npy,Z8f91x02UPVI.npy
1 (2157).npy,zQZAaBEiv2Mf.npy
1 (2158).npy,GFCKwNQkFKuG.npy
1 (2159).npy,9eApY8KJVBJW.npy
1 (216).npy,7BeUyvsHrKph.npy
1 (2160).npy,thT2PcF4FBrn.npy
1 (2161).npy,00OhPEWCn13r.npy
1 (2162).npy,kCkeJUTkK5KV.npy
1 (2163).npy,ucRKqVqnHej1.npy
1 (2164).npy,qNuFdEBFdwU0.npy
1 (2165).npy,9kXPDR0R4TmC.npy
1 (2166).npy,7YGk0ZREzzcm.npy
1 (2167).npy,4V2tg2pFl68S.npy
1 (2168).npy,7FluVuWumCVC.npy
1 (2169).npy,Ttm3vc9ybDXn.npy
1 (217).npy,FN6EXnRhU5f2.npy
1 (2170).npy,BK8jUOLO5JNU.npy
1 (2171).npy,ANMfgR4lEwL4.npy
1 (2172).npy,2L1lUuYOKdIt.npy
1 (2173).npy,jPhgytVfkq71.npy
1 (2174).npy,XLEpu4KUP1DK.npy
1 (2175).npy,4g6A68J8fNSn.npy
1 (2176).npy,WYmhsKqulvmb.npy
1 (2177).npy,DrvULBpjsQsd.npy
1 (2178).npy,60V57yage0yB.npy
1 (2179).npy,Oe411cNgh34A.npy
1 (218).npy,Yv4Wx46BuKSE.npy
1 (2180).npy,LY7uZdM3HIsv.npy
1 (2181).npy,sV35vR2Q8aLZ.npy
1 (2182).npy,vkjrvQu2HtJY.npy
1 (2183).npy,YXtFJsr2Nma8.npy
1 (2184).npy,j1nc26Ign6tZ.npy
1 (2185).npy,tlwN40H0wv1b.npy
1 (2186).npy,tFEx1ytCGd1R.npy
1 (2187).npy,Gd67xm1IKuzL.npy
1 (2188).npy,xw7lzhlipFYV.npy
1 (2189).npy,uuVTNT7M7NVY.npy
1 (219).npy,XOlmZ4aCCBkx.npy
1 (2190).npy,WPDak6MCO1VY.npy
1 (2191).npy,HAxZUziIQOIP.npy
1 (2192).npy,YOg9gq7WQdAE.npy
1 (2193).npy,AABk153wb3wS.npy
1 (2194).npy,OIszcdDouH8A.npy
1 (2195).npy,LwUYZ6XVvAKX.npy
1 (2196).npy,xbIoXZ8lkwP8.npy
1 (2197).npy,ySZ1UJ2Z9HBs.npy
1 (2198).npy,xIG6ggxLXjNy.npy
1 (2199).npy,TeqlotTfMXBj.npy
1 (22).npy,unCid83Ts6tL.npy
1 (220).npy,sH1s5cg5iAIt.npy
1 (2200).npy,9W5gT1qki3Hm.npy
1 (2201).npy,Okq93q4CmI7B.npy
1 (2202).npy,ma9ituNceIxn.npy
1 (2203).npy,jrGccUfMsb0F.npy
1 (2204).npy,4oV1ucREBtNn.npy
1 (2205).npy,oNZJVbigAg6b.npy
1 (2206).npy,mERR6mt0aykL.npy
1 (2207).npy,yN8XDMKf15Mu.npy
1 (2208).npy,ixzn7tJZgrod.npy
1 (2209).npy,FtElpJNFFVR6.npy
1 (221).npy,mqVD2QFu0Wnw.npy
1 (2210).npy,ewYMNrzzDqgq.npy
1 (2211).npy,ztydFhaZTlSV.npy
1 (2212).npy,SDcRZLV2HWWt.npy
1 (2213).npy,hH8kONxUKhCr.npy
1 (2214).npy,zTzwK9oPNDJe.npy
1 (2215).npy,EDhrZe1Srt34.npy
1 (2216).npy,KnPS5cinFjN0.npy
1 (2217).npy,ZGK0WXgSAcKr.npy
1 (2218).npy,CIAbMapO9E8d.npy
1 (2219).npy,r1oqMgyq6WrI.npy
1 (222).npy,LUPNXB3KeHlR.npy
1 (2220).npy,aG9ObHmYGvKW.npy
1 (2221).npy,RPPMkf8ti7yb.npy
1 (2222).npy,wuYaAI9CtkpH.npy
1 (2223).npy,0ztxE5HN1opN.npy
1 (2224).npy,U51UK4XYUQty.npy
1 (2225).npy,Ti0FVKvHtBCw.npy
1 (2226).npy,87bx1uJC7X0v.npy
1 (2227).npy,WZOnaLBN8Jxv.npy
1 (2228).npy,DvJi3Hfsorht.npy
1 (2229).npy,y13SoFsY0EIo.npy
1 (223).npy,tlzeBVp05OSJ.npy
1 (2230).npy,GxbAw3feG1JF.npy
1 (2231).npy,wXHQu6pLbvlp.npy
1 (2232).npy,dKwlQJR689IJ.npy
1 (2233).npy,oQaqD9aUxddm.npy
1 (2234).npy,mRaAjKJOzaFt.npy
1 (2235).npy,y7P6BBxOEnn5.npy
1 (2236).npy,UkL5kEgEEr47.npy
1 (2237).npy,AT0CLqfrlTR4.npy
1 (2238).npy,AFOQ8AUIvMkd.npy
1 (2239).npy,d7dQhNZVrYof.npy
1 (224).npy,K7qyWSh3oBOO.npy
1 (2240).npy,t85FgWaTuXOD.npy
1 (2241).npy,4E29zZz8HnPo.npy
1 (2242).npy,vSEk1GACXoNI.npy
1 (2243).npy,5o7cUJfDbD2d.npy
1 (2244).npy,algJi0io0j6G.npy
1 (2245).npy,OLP0h1vAdFzf.npy
1 (2246).npy,0gTuchNiT5kH.npy
1 (2247).npy,ztuQJfVTaBHi.npy
1 (2248).npy,jg6w2ZFdmhqj.npy
1 (2249).npy,UP7P8J554NfS.npy
1 (225).npy,8Fu0ceSEyD80.npy
1 (2250).npy,p92krtZWbUyk.npy
1 (2251).npy,PX8maNLkNVfV.npy
1 (2252).npy,XDRGGJ45NvlO.npy
1 (2253).npy,Zja6pDfLgFeH.npy
1 (2254).npy,Dyqv5EvbvZFe.npy
1 (2256).npy,097GdD84U35B.npy
1 (2257).npy,hrrMKnVj509K.npy
1 (2258).npy,5ucmYZjRKbCY.npy
1 (2259).npy,zkuKkh7RLC8y.npy
1 (226).npy,p8rW1O4EQsO3.npy
1 (2260).npy,92LlQS0DogXe.npy
1 (2261).npy,MEqfLdVQ7p8a.npy
1 (2262).npy,9dTsYmIQYEz7.npy
1 (2263).npy,H0TDImWOocNS.npy
1 (2264).npy,VKn3ZzZ6quvg.npy
1 (2265).npy,vXNiQzNMnkjL.npy
1 (2266).npy,jLE3Bhv9PSeV.npy
1 (2267).npy,r8vYjhmBVgCF.npy
1 (2268).npy,SOEcQncN7QOk.npy
1 (2269).npy,i0lG59o7fJQS.npy
1 (227).npy,3O8nBisBr8LM.npy
1 (2270).npy,8flWds3QLJ3H.npy
1 (2271).npy,nK5HBzwFBMHx.npy
1 (2272).npy,10mGrw7REt8q.npy
1 (2273).npy,IfXYXfucI3Za.npy
1 (2274).npy,zRAGVtxmA7J2.npy
1 (2275).npy,1heTsS8UYLIf.npy
1 (2276).npy,W0WOf3zLqwTx.npy
1 (2277).npy,BAUE25Kkrvt1.npy
1 (2278).npy,3zGPnmr81foe.npy
1 (2279).npy,Sdob9swGhGLk.npy
1 (228).npy,t5UKqypucqgA.npy
1 (2280).npy,9uNWwWObNGOu.npy
1 (2281).npy,rAwGHl9DyvuY.npy
1 (2282).npy,jCPupTHeHlHD.npy
1 (2283).npy,ySF7hkUPoCtD.npy
1 (2284).npy,G8pVodlxRf2T.npy
1 (2285).npy,G0tCdxPNigGn.npy
1 (2286).npy,qz6ycR60hmsJ.npy
1 (2287).npy,SVtb6ythbzTM.npy
1 (2288).npy,KHIg5aeDBT9q.npy
1 (2289).npy,5idfoIXYtgVi.npy
1 (229).npy,41mDSlr1dO3L.npy
1 (2290).npy,QmRPKJvJSGDF.npy
1 (2291).npy,C7Sa68TkUTPC.npy
1 (2292).npy,FIVB1iCKUY6E.npy
1 (2293).npy,EdHyQPPOJkxf.npy
1 (2294).npy,NeOQINpOIGoY.npy
1 (2295).npy,rZchI2lIWobX.npy
1 (2296).npy,7Cflzzqw9Ba1.npy
1 (2297).npy,Fzf21ceqE0dn.npy
1 (2298).npy,6Avo0GzrHO1j.npy
1 (2299).npy,oFTywhfNBSFS.npy
1 (23).npy,erQerAM7Bwku.npy
1 (230).npy,yaoYxsDNmM97.npy
1 (2300).npy,h5momLaXf4Tr.npy
1 (2301).npy,CrC3NSAMOhhO.npy
1 (2302).npy,ck7DE0YsCRVS.npy
1 (2303).npy,QmAh14U2pzC3.npy
1 (2304).npy,beGcaMXzAc7B.npy
1 (2305).npy,yPhr7AmaxKPj.npy
1 (2306).npy,PbF8a3GRhplR.npy
1 (2307).npy,7ddVSauMYSdf.npy
1 (2308).npy,MI0OaPGOhxIF.npy
1 (2309).npy,PQnnLf3fQy8k.npy
1 (231).npy,v7ZNGczSbw5i.npy
1 (2310).npy,JegXnWPbmkJB.npy
1 (2311).npy,4ZInezP4bzrv.npy
1 (2312).npy,bgU9jEzMCptI.npy
1 (2313).npy,yCDbn6zcEAGC.npy
1 (2314).npy,u0e2VCUh7pzp.npy
1 (2315).npy,zoGMl6oSFZLw.npy
1 (2316).npy,1KlKTzJk6EBP.npy
1 (2317).npy,Ww7A0qqwUmzr.npy
1 (2318).npy,9vbAqzZQD3pz.npy
1 (2319).npy,FPRjz02jTsvG.npy
1 (232).npy,ef5G2KBholPo.npy
1 (2320).npy,67e9MVu0b4DJ.npy
1 (2321).npy,BTsogpBan4FQ.npy
1 (2322).npy,JJ26mfsTyILq.npy
1 (2323).npy,7NjwPwsozBJz.npy
1 (2324).npy,XjonHUxKK15g.npy
1 (2325).npy,6CGwmvPRhwHy.npy
1 (2326).npy,g1FYk53ITuhz.npy
1 (2327).npy,aArMhPLnZTGX.npy
1 (2328).npy,0iXQS8c3Aaw8.npy
1 (2329).npy,5B5DEDhbshLh.npy
1 (233).npy,1vOcovtrkfu0.npy
1 (2330).npy,EyZJ6gPmt2MK.npy
1 (2331).npy,7rkzziMDl1mL.npy
1 (2332).npy,MJHvt7AQMQiT.npy
1 (2333).npy,gyjstNWmUmpN.npy
1 (2334).npy,fIOV7oR7GeXh.npy
1 (2335).npy,abvaNtfRKTFC.npy
1 (2336).npy,44ZIvw0jRJKC.npy
1 (2337).npy,QkvLwQorX5TF.npy
1 (2338).npy,ujgOjgBS6ErK.npy
1 (2339).npy,BREjpz3Zh2N4.npy
1 (234).npy,lJ0ylGW4tJqW.npy
1 (2340).npy,l9ZLjwwJxInI.npy
1 (2341).npy,IFN7Ropa0Pug.npy
1 (2342).npy,vVGhjNB860Qm.npy
1 (2343).npy,t0ufiWKsZ5gM.npy
1 (2344).npy,WziNv0ARJQrp.npy
1 (2345).npy,ZWu0yC2QCUnP.npy
1 (2346).npy,3dcQ1fBb7FCu.npy
1 (2347).npy,6EjqZ4Yfo7nY.npy
1 (2348).npy,WFXO3ne071yQ.npy
1 (2349).npy,RxjsWDYiZ9fj.npy
1 (235).npy,dH5ttn25Ni0R.npy
1 (2350).npy,0WT350MxNVmY.npy
1 (2351).npy,k7DB05tl7mVs.npy
1 (2352).npy,9FalRDmphhfa.npy
1 (2353).npy,ARp5BNbrUtuA.npy
1 (2354).npy,3sZUwVD2yw11.npy
1 (2355).npy,jA9chnNUIHTT.npy
1 (2356).npy,1IiY04nKPRGc.npy
1 (2357).npy,BNUsX1rzwG5L.npy
1 (2358).npy,xtwV7eXLlEtf.npy
1 (2359).npy,edpAjSWJUUIf.npy
1 (236).npy,KzWeK1eTOdHB.npy
1 (2360).npy,EVgpPjZI4ddJ.npy
1 (2361).npy,1QtvsYDDvFxA.npy
1 (2362).npy,dWU8euB1IJFH.npy
1 (2363).npy,7xUlFFEAHF92.npy
1 (2364).npy,z1f1TUHQaoAu.npy
1 (2365).npy,yV3eErK4NJ71.npy
1 (2366).npy,7OOVvtof8ceh.npy
1 (2367).npy,LII6FuRBX8Eo.npy
1 (2368).npy,rxgJQIvIJ3oV.npy
1 (2369).npy,84DGAT0gJmJo.npy
1 (237).npy,7fiYgytuCjae.npy
1 (2370).npy,6P8yF5a7Q1M0.npy
1 (2371).npy,5EEdg4EJy87l.npy
1 (2372).npy,ExuqVwNdgbEN.npy
1 (2373).npy,I65tENP2ZllX.npy
1 (2374).npy,v8vd0cGA6q1N.npy
1 (2375).npy,uDOzAqOUWe8F.npy
1 (2376).npy,XddMtVPQrqhP.npy
1 (2377).npy,yUjBErreq63i.npy
1 (2378).npy,DCvdYaSZrblZ.npy
1 (2379).npy,zDwepwzZeS9M.npy
1 (238).npy,pEu5RnSM494B.npy
1 (2380).npy,jsJgL3yHQqea.npy
1 (2381).npy,8cULkAtZKs9E.npy
1 (2382).npy,s1mTNRBfRRgS.npy
1 (2383).npy,2sK3UO9yyUvB.npy
1 (2384).npy,viJOBM0zaTF4.npy
1 (2385).npy,UC9Sm3fKHQmk.npy
1 (2386).npy,14JfkDrNES4N.npy
1 (2387).npy,1X133TNk9KUW.npy
1 (2388).npy,ZA0eY3yfMZij.npy
1 (2389).npy,j40gyXkQzzVn.npy
1 (239).npy,fyFD8NlPJyc8.npy
1 (2390).npy,orZd5FChfXya.npy
1 (2391).npy,Dua98Bv6twZb.npy
1 (2392).npy,V0Gg73pIE0L2.npy
1 (2393).npy,lVMTZ3FdPktD.npy
1 (2394).npy,dZUwVfDehtT3.npy
1 (2395).npy,VfVSECfkAsVN.npy
1 (2396).npy,anIJZbx88fv1.npy
1 (2397).npy,4FhxZkyGz2yP.npy
1 (2398).npy,VU0aSvcA36VQ.npy
1 (2399).npy,ONOiOBZ8mO6m.npy
1 (24).npy,Jxr3EJ3Ci8Lz.npy
1 (240).npy,qszWPjWuIYDg.npy
1 (2400).npy,3z2pO8QcHnoX.npy
1 (2401).npy,RILR0I1AcQv9.npy
1 (2402).npy,9gz208BIjfPE.npy
1 (2403).npy,eq7gDFGUOj8O.npy
1 (2404).npy,mnFENMOm3QWA.npy
1 (2405).npy,3Q5MveJuv25V.npy
1 (2406).npy,lO23NYjCy3Kt.npy
1 (2407).npy,QBMMAeqv8lHT.npy
1 (2408).npy,Emx9APJbHliv.npy
1 (2409).npy,V5b1CnDQuFLE.npy
1 (241).npy,c6SMi0q08HcC.npy
1 (2410).npy,OsdcE3MgDfAs.npy
1 (2411).npy,JIP9jI2bVEzU.npy
1 (2412).npy,N5gIkMiOXgZ7.npy
1 (2413).npy,0jUFL2Bn8mLX.npy
1 (2415).npy,mdUc1IvingAs.npy
1 (2416).npy,A7GL3caKDvbv.npy
1 (2417).npy,EdULnLwghnEc.npy
1 (2418).npy,zY61BKDnb1NT.npy
1 (2419).npy,FPiIHVDokVU8.npy
1 (242).npy,ubPnqIfwFsAQ.npy
1 (2420).npy,Ypj7zeMKVYuu.npy
1 (2421).npy,FHnw0p1QNfKw.npy
1 (2422).npy,jc3gsvHlBs9i.npy
1 (2423).npy,8wkmGwLtG3XS.npy
1 (2424).npy,EjyXIohx3L6b.npy
1 (2425).npy,Eo7RdA8M9XrS.npy
1 (2426).npy,caKrI0d8zEo4.npy
1 (2427).npy,ulobdoULuLJZ.npy
1 (2428).npy,NssX6pxv4QPE.npy
1 (2429).npy,g0CTMqSBubp0.npy
1 (243).npy,5ss8xACI3S0D.npy
1 (2430).npy,A3GOP0YzWHyl.npy
1 (2431).npy,A1xpzLfZthpV.npy
1 (2432).npy,pqaubTmHKgNk.npy
1 (2433).npy,dTaLRFgITeSa.npy
1 (2434).npy,lu83nJ1wD8Dr.npy
1 (2435).npy,9USCRepWUQsl.npy
1 (2436).npy,J3TSjYNJZa7U.npy
1 (2437).npy,L8Buka2viMOm.npy
1 (2438).npy,0oWTf5jn5QzT.npy
1 (2439).npy,79V4l8Ua2L32.npy
1 (244).npy,GRdMuviYyz8P.npy
1 (2440).npy,lwLrKQZAIJpe.npy
1 (2441).npy,7e117TfkR8N4.npy
1 (2442).npy,ltJklTM3QToL.npy
1 (2443).npy,36QWI9fkgyuG.npy
1 (2444).npy,zq7Rlx5HiQQy.npy
1 (2445).npy,N2r7duvyuiKe.npy
1 (2446).npy,APbB0TpP8gAo.npy
1 (2447).npy,78OmJxAtIWKp.npy
1 (2448).npy,R0AgbkRO3ysJ.npy
1 (2449).npy,Y4L0XQ9BvYKT.npy
1 (245).npy,T85uqkCvLItd.npy
1 (2450).npy,uYSchOPu20Lu.npy
1 (2451).npy,9gf3NOwLyCqg.npy
1 (2452).npy,NwcK4XJxOnrs.npy
1 (2453).npy,EEKelEgEn8HO.npy
1 (2454).npy,pyHIS6081J9f.npy
1 (2455).npy,a7Dl78mYoHoA.npy
1 (2456).npy,zhZfNfH8f8wT.npy
1 (2457).npy,BJDp3wbRzrfk.npy
1 (2458).npy,yOhncUAwckjR.npy
1 (2459).npy,nH71RExWhcMT.npy
1 (246).npy,Oc7DGqQbZDcl.npy
1 (2460).npy,qcpS6NcLKWFV.npy
1 (2461).npy,ZENLCzXI7BQt.npy
1 (2462).npy,LqpL8UKXypNH.npy
1 (2463).npy,ohH7GzcamowW.npy
1 (2464).npy,GdOEQJdJI03M.npy
1 (2465).npy,Kdi1foi2RwbU.npy
1 (2466).npy,Jbq6XTZRepqs.npy
1 (2467).npy,MuQEZcABBO7f.npy
1 (2468).npy,nS1PFMEqaN9i.npy
1 (2469).npy,0Ljvdlx60c0f.npy
1 (247).npy,JO2fKJvxfUwq.npy
1 (2470).npy,WfRTpieyvCO9.npy
1 (2471).npy,4JQ6pTnHlgPb.npy
1 (2472).npy,XtTiN5NC4Fx7.npy
1 (2473).npy,Q3Ej6DElArj2.npy
1 (2474).npy,rX1heiTOEx07.npy
1 (2475).npy,B67MwiU4UsrM.npy
1 (2476).npy,pdhpSaNYY2BV.npy
1 (2477).npy,TitJQTM9meCQ.npy
1 (2478).npy,GZ13WZfodnkE.npy
1 (2479).npy,2r418rdCABTn.npy
1 (248).npy,qFJNxOLiIn88.npy
1 (2480).npy,4ig5i894s8n2.npy
1 (2481).npy,KBSjxGkGmxk7.npy
1 (2482).npy,wXa0z57PheQM.npy
1 (2483).npy,gg8Cbf0CEAoa.npy
1 (2484).npy,IbfDOQUC2546.npy
1 (2485).npy,FCvVouLCkUyH.npy
1 (2486).npy,kON3DTdqELUh.npy
1 (2487).npy,1lErJdru9Lap.npy
1 (2488).npy,CR73E0zWpFZJ.npy
1 (2489).npy,GeYHkmWKduru.npy
1 (249).npy,nVjnS9p2lGQM.npy
1 (2490).npy,kpPmqdwBkFBU.npy
1 (2491).npy,AujFYxNkJ3nq.npy
1 (2492).npy,dT13pKCUeBqZ.npy
1 (2493).npy,gBZQKzYkDMjF.npy
1 (2494).npy,LXWFFhBE1awN.npy
1 (2495).npy,Lt5z8LJEi3Lb.npy
1 (2496).npy,Bwzxqquv02Va.npy
1 (2497).npy,vKeIXCjJX95l.npy
1 (2498).npy,BKiNOgabytp0.npy
1 (2499).npy,kABifsGrXv0P.npy
1 (25).npy,CV3Zfebsv9xR.npy
1 (250).npy,fGE8r1Lw9s4k.npy
1 (2500).npy,HmKaDC0d3pES.npy
1 (2501).npy,uwGdEtXbjO0c.npy
1 (2502).npy,WSeayKpHUmAY.npy
1 (2503).npy,T4Z5ghHpU4uu.npy
1 (2504).npy,RDJBYnFraEJs.npy
1 (2505).npy,wDeOgRkxswgT.npy
1 (2506).npy,Iw1PE9JGT1xr.npy
1 (2507).npy,zFLF8Srtvcxg.npy
1 (2508).npy,cwl4bEaedyQT.npy
1 (2509).npy,SttH7xc0oxUq.npy
1 (251).npy,WAJ43BZ8qupo.npy
1 (2510).npy,FYYeqd2LMOGS.npy
1 (2511).npy,f9D9iWGQyUBy.npy
1 (2512).npy,ijpGc1Z3noee.npy
1 (2513).npy,fs8pUPPZSDkx.npy
1 (2514).npy,DPYj024RP3Ev.npy
1 (2515).npy,7sEHoBa5DLhl.npy
1 (2516).npy,3NuD7GKebAjl.npy
1 (2517).npy,pNilWv42Dgt2.npy
1 (2518).npy,iOHGbDtBLdUe.npy
1 (2519).npy,K7sGLNeTiZcJ.npy
1 (252).npy,3k05LPot0mn3.npy
1 (2520).npy,Apzga857g1ZN.npy
1 (2521).npy,FddfagfySDLm.npy
1 (2522).npy,n6bMcnchkdvU.npy
1 (2523).npy,ZtEnfgAa73wx.npy
1 (2524).npy,xunIeaKDs4jO.npy
1 (2525).npy,nmDYa21nnZSE.npy
1 (2526).npy,c3y7viATlUyy.npy
1 (2527).npy,5ga4UgBW3WGs.npy
1 (2528).npy,cBjnkke3kPHi.npy
1 (2529).npy,Ffjm1cGdb9yt.npy
1 (253).npy,eW17vBdQhces.npy
1 (2530).npy,pBmvhzbVEsdA.npy
1 (2531).npy,Fwi1ScPJDgWN.npy
1 (2532).npy,LQJ78e6JBwfd.npy
1 (2533).npy,fh9kUr8BX2WU.npy
1 (2534).npy,JK3lfisObmkD.npy
1 (2535).npy,96bjoXcCYWDr.npy
1 (2536).npy,YZ0zm6nakcQa.npy
1 (2537).npy,ZExA3iYWByR0.npy
1 (2538).npy,AP2DZ2CtViJa.npy
1 (2539).npy,wRn3XOTV8LOR.npy
1 (254).npy,lXKh2Pp3LHpj.npy
1 (2540).npy,CjW3CeUbCVxg.npy
1 (2541).npy,GAXkduoPANqj.npy
1 (2542).npy,yU5eaU8JKQzm.npy
1 (2543).npy,e0K5gWEbHtis.npy
1 (2544).npy,1gwIivDoONyV.npy
1 (2545).npy,drt60fW7bg33.npy
1 (2546).npy,IDyaUq3MM2se.npy
1 (2547).npy,sBHu2JCbu6E4.npy
1 (2548).npy,e966Uh1ZF5qp.npy
1 (2549).npy,jEG5e6HSY6fk.npy
1 (255).npy,8afLP53Yvlal.npy
1 (2550).npy,xdswYmcFxLJa.npy
1 (2551).npy,Y5kg4JbmY41O.npy
1 (2552).npy,u2sd76fyiBKZ.npy
1 (2553).npy,Ryuxwy8h3Jn3.npy
1 (2554).npy,HLb3K6MZXhyc.npy
1 (2555).npy,uF5Mk208dEAD.npy
1 (2556).npy,JJkkzkhIC4uz.npy
1 (2557).npy,z6AS2MwoT53u.npy
1 (2558).npy,DX9Rs9GzVaB0.npy
1 (2559).npy,mcJInppSipkQ.npy
1 (256).npy,ZHBX5eI3ktlC.npy
1 (2560).npy,O26Nyb2dOGct.npy
1 (2561).npy,ApWI96KYspW3.npy
1 (2562).npy,Q6ECsrxHpa2W.npy
1 (2563).npy,8YPI08D4MuIz.npy
1 (2564).npy,0T8Qg3SqHifl.npy
1 (2565).npy,LHkvxZYO5FOP.npy
1 (2566).npy,IHXyLBP5AVtK.npy
1 (2567).npy,ViA0UL2Obl1y.npy
1 (2568).npy,QIULzpFfLQQN.npy
1 (2569).npy,oaLPLckMo6t1.npy
1 (257).npy,u9UDttHG9Yqu.npy
1 (2570).npy,qOThhCzC0yZM.npy
1 (2571).npy,otkMdzcVY8Y3.npy
1 (2572).npy,WmPdJ5TRAuag.npy
1 (2573).npy,gzotUaJUcpd3.npy
1 (2574).npy,SJnrTFZRnMdV.npy
1 (2575).npy,7JTvx5HgOaQR.npy
1 (2576).npy,zgHUdy4M7bum.npy
1 (2577).npy,4igFLS6srpT8.npy
1 (2578).npy,fkRHSwN7y5iJ.npy
1 (2579).npy,UBvzj2zKves7.npy
1 (258).npy,8pE7YUCKakRI.npy
1 (2580).npy,vf17kiQtnJBi.npy
1 (2581).npy,u0LuzTYPISU9.npy
1 (2582).npy,7dunO4isvYK6.npy
1 (2583).npy,vjD9fn3vsdaQ.npy
1 (2584).npy,HL7Z0VQP44I7.npy
1 (2585).npy,e4W2OfdhrhRD.npy
1 (2586).npy,BakjKezDWENo.npy
1 (2587).npy,hcg55HhLhSQs.npy
1 (2588).npy,qRdjfKmCIo64.npy
1 (2589).npy,wsbX3qMylgor.npy
1 (259).npy,vjJsHyuSKjTx.npy
1 (2590).npy,8LGjFUS07mGR.npy
1 (2591).npy,tEGQTdpcAWZ3.npy
1 (2592).npy,Y5Sl8Ei8tSDS.npy
1 (2593).npy,DLJcrI603GLT.npy
1 (2594).npy,4C1h3rwpZCSU.npy
1 (2595).npy,En3LpfF6MRlw.npy
1 (2596).npy,7PsihDE61fT5.npy
1 (2597).npy,Ns3GVeMWtb6h.npy
1 (2598).npy,DbXkpid7lOkG.npy
1 (2599).npy,wcBhtIz4jEeb.npy
1 (26).npy,Hg83mXwzaNYM.npy
1 (260).npy,HzMF5oV62XpQ.npy
1 (2600).npy,ugUqJ13QcJ4e.npy
1 (2601).npy,fHpGMD4gt1KE.npy
1 (2602).npy,uNN8OvgqHDuq.npy
1 (2603).npy,1SNsLD8z3yeP.npy
1 (2604).npy,1FBWRtPSYq6T.npy
1 (2605).npy,xMT9idmNh8ad.npy
1 (2606).npy,TmZZhWNvxZTO.npy
1 (2607).npy,3HPV9BWIZIbc.npy
1 (2608).npy,Cdw78OFVcsfN.npy
1 (2609).npy,6WlpGJHnrJZc.npy
1 (261).npy,jDIlxdCBvOUS.npy
1 (2610).npy,dafBoIuEYF4Y.npy
1 (2611).npy,lTPGLNSBSlpl.npy
1 (2612).npy,N8iH084R65QU.npy
1 (2613).npy,Yz6S9AfBAyIp.npy
1 (2614).npy,pt7a0cq4RWGe.npy
1 (2615).npy,YSHICtm102Qu.npy
1 (2616).npy,Oke2m80qEbGV.npy
1 (2617).npy,droeXZikGkTF.npy
1 (2618).npy,B9eyPbaZSH6x.npy
1 (2619).npy,9Zcf1MPo1S9s.npy
1 (262).npy,LdOfHkQrgfh2.npy
1 (2620).npy,JXwf2EdTEORt.npy
1 (2621).npy,fpMp3E5uSXHE.npy
1 (2622).npy,mWTaVUBJS6v3.npy
1 (2623).npy,GYT7GWd5RXJO.npy
1 (2624).npy,NQdOtgldwQNu.npy
1 (2625).npy,J7aNiXZkMnbh.npy
1 (2626).npy,tAxQrZBJM6mI.npy
1 (2627).npy,uu18xJ6z07Fx.npy
1 (2628).npy,1QN7HzqsKG6O.npy
1 (2629).npy,2GWdftmCDIzK.npy
1 (263).npy,sy8OWXljHKH6.npy
1 (2630).npy,qnSRmGQ6pDmN.npy
1 (2631).npy,OrDnHwWu6FyY.npy
1 (2632).npy,M7Y9tN15d0sd.npy
1 (2633).npy,veMqPbCdIkNY.npy
1 (2634).npy,b10aHFDdVg80.npy
1 (2635).npy,fVvOIV7Vq0eZ.npy
1 (2636).npy,hquRnqiklNrc.npy
1 (2637).npy,56cSJBcwnlhH.npy
1 (2638).npy,iA9KPxximTQA.npy
1 (2639).npy,CUJXJlbQ0Duc.npy
1 (264).npy,byhiRAc234ZE.npy
1 (2640).npy,lZz4V8FYpZjb.npy
1 (2641).npy,X6K6FL4oa9F5.npy
1 (2642).npy,ds8nbWEY7J8q.npy
1 (2643).npy,YnFOWg7MblDl.npy
1 (2644).npy,LQlpTlgoeAGk.npy
1 (2645).npy,d6zupJFjed8q.npy
1 (2646).npy,zA1MnFj19uBj.npy
1 (2647).npy,8rdWsBatcFBU.npy
1 (2648).npy,TdLpRKollD6z.npy
1 (2649).npy,9NQFHTA503c9.npy
1 (265).npy,e9oa9llL0NS2.npy
1 (2650).npy,JDqbcj455hTt.npy
1 (2651).npy,7SH5hf1xXEFK.npy
1 (2652).npy,ACqzbgOeCB90.npy
1 (2653).npy,8jLMEAxwRMwz.npy
1 (2654).npy,NhGUNWNGEN1y.npy
1 (2655).npy,MBaXK7V1Q2Ra.npy
1 (2656).npy,jFNHhnlS6xiK.npy
1 (2657).npy,UZvuSY1ftnoP.npy
1 (2658).npy,aYIOXvWH2Zap.npy
1 (2659).npy,C0NjCjIUVWSo.npy
1 (266).npy,nT7mxJQsrjCq.npy
1 (2660).npy,YtHNR1e8TiSB.npy
1 (2661).npy,NI59wBim7n0D.npy
1 (2662).npy,6pK2wElvOHL0.npy
1 (2663).npy,noxQX5xc4wOX.npy
1 (2664).npy,dgrsiMFA0kC6.npy
1 (2665).npy,E9UU8KDdT8VO.npy
1 (2666).npy,voVed5L440up.npy
1 (2667).npy,IBd8Nzuixtuw.npy
1 (2668).npy,oSg2WqenHser.npy
1 (2669).npy,lE5B07r2QrMB.npy
1 (267).npy,3Bme67YRdjWs.npy
1 (2670).npy,3gjXMbEVYDdQ.npy
1 (2671).npy,Yx88EHHy6PAt.npy
1 (2672).npy,73JkGg0u3tkV.npy
1 (2673).npy,AjaWfTKGGuwv.npy
1 (2674).npy,dgvhrNHsd8d7.npy
1 (2675).npy,4M6J0D2YgEPa.npy
1 (2676).npy,76QQhKl6aoC5.npy
1 (2677).npy,4ncRSkjRyEoi.npy
1 (2678).npy,Wk81Hx6JiF7P.npy
1 (2679).npy,fLZOn9cEAWa6.npy
1 (268).npy,IaZzJ8pzDoD6.npy
1 (2680).npy,NuNnuD0oieEH.npy
1 (2681).npy,rJFrPD1ZMe8T.npy
1 (2682).npy,G48vo7dk6e79.npy
1 (2683).npy,K8E9MoKSL8KA.npy
1 (2684).npy,idSnP0762QWk.npy
1 (2685).npy,j4LWO15yOFXe.npy
1 (2686).npy,wd2UpRyZwsSo.npy
1 (2687).npy,ezVKsXpnvNvP.npy
1 (2688).npy,H0R2Cm28RRAK.npy
1 (2689).npy,BmtwGw06Jjj4.npy
1 (269).npy,AHLcQtYTktgy.npy
1 (2690).npy,gywxV30hr9O5.npy
1 (2691).npy,BqMvUzaoDt5m.npy
1 (2692).npy,ubWZLDQOLxnU.npy
1 (2693).npy,PhvFuywC0HR8.npy
1 (2694).npy,X4EnHl1NQlxc.npy
1 (2695).npy,e4MlnfJHOxYb.npy
1 (2696).npy,zbBYbGcCaexX.npy
1 (2697).npy,uawuZ98sxXIB.npy
1 (2698).npy,ByLYr7uSD8Ia.npy
1 (2699).npy,DdygQeGM1alp.npy
1 (27).npy,eeVxJP4BcPM2.npy
1 (270).npy,K9GlyS2fekcw.npy
1 (2700).npy,QKqaFxTu38RE.npy
1 (2701).npy,9np1Jou7yK4S.npy
1 (2702).npy,OP9FTw4GQ4YC.npy
1 (2703).npy,XUUbf6Hud7hN.npy
1 (2704).npy,vQtvXtBI7d4S.npy
1 (2705).npy,TupBEZYaaYuw.npy
1 (2706).npy,bUk5evBwCpsA.npy
1 (2707).npy,SWnuP4DAaKCK.npy
1 (2708).npy,W5G1raVO7WxH.npy
1 (2709).npy,dOoLgjWouQbM.npy
1 (271).npy,XAMWqpJQ1H4K.npy
1 (2710).npy,lYCPqnG0xIK1.npy
1 (2711).npy,m0iZj5DxVPm0.npy
1 (2712).npy,DaJvEZdvjIos.npy
1 (2713).npy,fsE29oAkF0dp.npy
1 (2714).npy,n0seTjzzqSc6.npy
1 (2715).npy,TTz3yWBGkfEa.npy
1 (2716).npy,DEWW4ipV1D9s.npy
1 (2717).npy,OFbbyVt22u0c.npy
1 (2718).npy,sRLgTh9kjL8i.npy
1 (2719).npy,UXA1fzwwWic1.npy
1 (272).npy,1mTrq4FYrNkM.npy
1 (2720).npy,w37DGJyxX2ib.npy
1 (2721).npy,MLF8OsZI2UwP.npy
1 (2722).npy,aALkLoW7cQab.npy
1 (2723).npy,jYFtTpZcMNa2.npy
1 (2724).npy,ZpVwuZSgPGN6.npy
1 (2725).npy,e9bPuVO2wMds.npy
1 (2726).npy,Do7yVs1cVnmi.npy
1 (2727).npy,Zk1xAOfDKPRb.npy
1 (2728).npy,1wifwrfeuKpJ.npy
1 (2729).npy,PJpKVrdA17mU.npy
1 (273).npy,I4jU53t7nOhT.npy
1 (2730).npy,gGncIgaS9wi6.npy
1 (2731).npy,NeNarHxsKH2a.npy
1 (2732).npy,XJ1ysWPzTtjl.npy
1 (2733).npy,bokEvZoU3mA7.npy
1 (2734).npy,HlNxtqPk4cb0.npy
1 (2735).npy,W7GT1wJ2cTZ9.npy
1 (2736).npy,v4p74YzyyOjb.npy
1 (2737).npy,yPvWLvZWR4ke.npy
1 (2738).npy,kDj51NtD3KCF.npy
1 (2739).npy,1hvLg5CvdjXl.npy
1 (274).npy,1l5Z6ZgCnajr.npy
1 (2740).npy,GLEKK3fvwuo3.npy
1 (2741).npy,FREesUOP6heL.npy
1 (2742).npy,7d3m827JYNyy.npy
1 (2743).npy,HuZaYcaafQoU.npy
1 (2744).npy,kZhGjHJZGuAP.npy
1 (2745).npy,4lsJn4JIgk7A.npy
1 (2746).npy,XJYCHmEkXp6o.npy
1 (2747).npy,8JqhbNfOI2yJ.npy
1 (2748).npy,BFuemqBwYDHl.npy
1 (2749).npy,ZNiD1nJRHaGR.npy
1 (275).npy,jRzjbb1JdvsS.npy
1 (2750).npy,WxatsYvaSvWi.npy
1 (2751).npy,sjhD5tQ9tjok.npy
1 (2752).npy,9StUHNMEiCHG.npy
1 (2753).npy,TogMtG3TWAvs.npy
1 (2754).npy,pt9myyVsph5y.npy
1 (2755).npy,X2OG2lxZGwYn.npy
1 (2756).npy,UWT1XXlTLJVV.npy
1 (2757).npy,OwnrowjHMoqU.npy
1 (2758).npy,IVF2FeeVF4TZ.npy
1 (2759).npy,TszA9M2lvTBJ.npy
1 (276).npy,djQgV7lS0idG.npy
1 (2760).npy,TFisxhuKwx3a.npy
1 (2761).npy,KCgOE8GlW2vp.npy
1 (2762).npy,TCk7OtHN04Ob.npy
1 (2763).npy,QvaUPHKEMSD4.npy
1 (2764).npy,V5QN1WeAomEk.npy
1 (2765).npy,ETjoazAhhxYs.npy
1 (2766).npy,odDtnUEaBcSP.npy
1 (2767).npy,CfrsLRfNSQyb.npy
1 (2768).npy,rTtIWGy3oxLM.npy
1 (2769).npy,MsMbwwEO5zXl.npy
1 (277).npy,sGwyP79NZ8bZ.npy
1 (2770).npy,0Js7a7UoFbct.npy
1 (2771).npy,1OXGMzHTFhcz.npy
1 (2772).npy,DP32ZfHaCYd0.npy
1 (2773).npy,sCodgtAw8u6a.npy
1 (2774).npy,NmYJe3Aw3J7I.npy
1 (2775).npy,sxdCsP18GkCK.npy
1 (2776).npy,E6q7ED1lTfNZ.npy
1 (2777).npy,2g9b75XBY49P.npy
1 (2778).npy,vBlEPoqg5Ab0.npy
1 (2779).npy,JgE8b5kk674w.npy
1 (278).npy,HzszwKqgAFHK.npy
1 (2780).npy,PKC6Kramuuzl.npy
1 (2781).npy,zVya6qJQDUgU.npy
1 (2782).npy,52SCXRRFZZQf.npy
1 (2783).npy,Qob6agZim82A.npy
1 (2784).npy,BHtopOMbZ8Wl.npy
1 (2785).npy,h423w3xWin8B.npy
1 (2786).npy,xKGaZOlUBjj9.npy
1 (2787).npy,q7AFszZg9RjN.npy
1 (2788).npy,MNRcsFqYqL9H.npy
1 (2789).npy,ChRijOv076Ar.npy
1 (279).npy,1gO0Gcb7GD8J.npy
1 (2790).npy,EvjTq9mqiNuJ.npy
1 (2791).npy,2Cx10sR6Yn2t.npy
1 (2792).npy,vRz5yg59GUKq.npy
1 (2793).npy,L6Ys23cLpgtT.npy
1 (2794).npy,JkpoZfI3dvzy.npy
1 (2795).npy,Hvbah0zLQvTm.npy
1 (2796).npy,6W8oUFoxLscF.npy
1 (2797).npy,WlnHGKVftO0f.npy
1 (2798).npy,z4ouLvhTGlTw.npy
1 (2799).npy,4J6J8R7qkNCu.npy
1 (28).npy,JStss7s6PvzZ.npy
1 (280).npy,UGrTnFaOcejc.npy
1 (2800).npy,u35lWGotWx3H.npy
1 (2801).npy,mYmAaLPB5BBc.npy
1 (2802).npy,v9WuVkX2UuLn.npy
1 (2803).npy,Zx9IWLEQ9toS.npy
1 (2804).npy,wed4WG8gND3i.npy
1 (2805).npy,fceRjvNkarCm.npy
1 (2806).npy,FCetKk5IGDR5.npy
1 (2807).npy,LB01obbTNeIf.npy
1 (2808).npy,aZaQoOJfzcpX.npy
1 (2809).npy,GRkkji7bgUIM.npy
1 (281).npy,LODtpxiJ5IrJ.npy
1 (2810).npy,ZG37reWS1IY1.npy
1 (2811).npy,vXO4H8XgVzEo.npy
1 (2812).npy,7GxhtI1oWkds.npy
1 (2813).npy,DWxS9mOlxuuK.npy
1 (2814).npy,2yTD0dYoqpRP.npy
1 (2815).npy,CYa6X0pMKNuM.npy
1 (2816).npy,Df929AFq7itK.npy
1 (2817).npy,e2Pd6y3xeN5O.npy
1 (2818).npy,iXzJ7Mc1dnqx.npy
1 (2819).npy,aAXgCUB48lov.npy
1 (282).npy,y8n0NuOvxzCm.npy
1 (2820).npy,Ilx06bajVpgZ.npy
1 (2821).npy,Xe53rIUhWLb3.npy
1 (2822).npy,xqaBXQC2Dfkj.npy
1 (2823).npy,Esb7UOrYWkth.npy
1 (2824).npy,XOxZg5kDZlmw.npy
1 (2825).npy,YGlLSTuKz41S.npy
1 (2826).npy,k7P5IzNAIgub.npy
1 (2827).npy,aXr51wzuxz1k.npy
1 (2828).npy,3KsaWu0dFjDx.npy
1 (2829).npy,lmZIFLZmH9Gy.npy
1 (283).npy,4PbSvr40AqDj.npy
1 (2830).npy,zzRMZg967IgC.npy
1 (2831).npy,lOlelo6bOaHG.npy
1 (2832).npy,4n2OoXmpovHI.npy
1 (2833).npy,Fpzs1IMcfx4m.npy
1 (2834).npy,JpiajjPYcLwR.npy
1 (2835).npy,MC3cwjjGFLeN.npy
1 (2836).npy,YGYqLcy1kMz7.npy
1 (2837).npy,ipMwAhigUcqP.npy
1 (2838).npy,jAEHxYlZUZC7.npy
1 (2839).npy,ltgQFRlgWWV7.npy
1 (284).npy,BQQpMxiIXv3e.npy
1 (2840).npy,thILvYTJSNLc.npy
1 (2841).npy,cfYb8jdaDn2d.npy
1 (2842).npy,glbLGrXXNTnD.npy
1 (2843).npy,SC0RcIRprTtI.npy
1 (2844).npy,b8zGQ3djYPks.npy
1 (2845).npy,S4pMHZ5urTWN.npy
1 (2846).npy,AULmU8Z5BT4w.npy
1 (2847).npy,MQEw8jbrfUcL.npy
1 (2848).npy,YqIsMiUiw5Rd.npy
1 (2849).npy,oY07dfwX3qj1.npy
1 (285).npy,txm4zISiDJGk.npy
1 (2850).npy,7vQ6NqsCXEkA.npy
1 (2851).npy,26lRuzfchdsY.npy
1 (2852).npy,43jXVOSPgsin.npy
1 (2853).npy,eSGJn6daihCW.npy
1 (2854).npy,OgZ5nCWwwedu.npy
1 (2855).npy,Ps5END4WItl9.npy
1 (2856).npy,ZPHDqd5uu8oQ.npy
1 (2857).npy,OZhc9CNqHQNX.npy
1 (2858).npy,DhHYcOWZTuyR.npy
1 (2859).npy,HN2GVvQv9UQR.npy
1 (286).npy,gYHR4vGxZblH.npy
1 (2860).npy,dQkpBq5StnLV.npy
1 (2861).npy,n3XT4gRgbtGj.npy
1 (2862).npy,WEpc3VCrouSA.npy
1 (2863).npy,61oEl2Vm5KET.npy
1 (2864).npy,tsyppDNorREz.npy
1 (2865).npy,LVTaDVQxaTBw.npy
1 (2866).npy,r543obZ2y1Lj.npy
1 (2867).npy,IMg7n5rn7L4Z.npy
1 (2868).npy,AoMiCaA2ds1L.npy
1 (2869).npy,eYulwsGej8QO.npy
1 (287).npy,3gXgpspm2YH4.npy
1 (2870).npy,Df563IYVkrGc.npy
1 (2871).npy,WqskYE2LCk7K.npy
1 (2872).npy,q3lJmQwOfJ8X.npy
1 (2873).npy,VP69LdHNtpQ7.npy
1 (2874).npy,stBRxh3R1Xqj.npy
1 (2875).npy,gzslzwtMDGJa.npy
1 (2876).npy,ogfOSANI8Y95.npy
1 (2877).npy,t51BCGKun5rZ.npy
1 (2878).npy,TE0o1e8n9wKN.npy
1 (2879).npy,Dtn0ZGI48EB6.npy
1 (288).npy,BopJhpa7awH1.npy
1 (2880).npy,CzQn6W8Q9N9G.npy
1 (2881).npy,djqpaA2Iw6kp.npy
1 (2882).npy,DpWnIJRqXxCL.npy
1 (2883).npy,Xn9aH7rLycD0.npy
1 (2884).npy,UpEtJVPAxP9x.npy
1 (2885).npy,JzWA98y4qkxA.npy
1 (2886).npy,o9lAwrfjLjLx.npy
1 (2887).npy,SrbxbUkLDzV5.npy
1 (2888).npy,AJHSLOglcftx.npy
1 (2889).npy,iqfInWAYTfSH.npy
1 (289).npy,6kzSSIhcKOGc.npy
1 (2890).npy,UwXQAGOZYASN.npy
1 (2891).npy,tAvKiAwk9AuN.npy
1 (2892).npy,Blfy7SbhuzBn.npy
1 (2893).npy,ckyQ0kMdnSVY.npy
1 (2894).npy,f1akwR9cG3rH.npy
1 (2895).npy,CLjavi7yXjty.npy
1 (2896).npy,6hOfYUsMOSUM.npy
1 (2897).npy,AWcLnzeRQLw5.npy
1 (2898).npy,UlYpIQ3Sev5R.npy
1 (2899).npy,sCJELEHotY0h.npy
1 (29).npy,CCNgvshtF2hg.npy
1 (290).npy,FWl6Cf4WyuJ0.npy
1 (2900).npy,pJgUdv2zXGFd.npy
1 (2901).npy,quvb1gJY0OjH.npy
1 (2902).npy,0uESobydZzWy.npy
1 (2903).npy,9Og9NNRDwtoC.npy
1 (2904).npy,dCL0YByq4MEU.npy
1 (2905).npy,YpTLZM4H0ark.npy
1 (2906).npy,zTKuUIA1NdqM.npy
1 (2907).npy,VoQUJn5bZNkE.npy
1 (2908).npy,60eMfrPURk4u.npy
1 (2909).npy,GJbNjRDBYu0V.npy
1 (291).npy,EGpUGCBwLbIu.npy
1 (2910).npy,aEEsCrMfPEFz.npy
1 (2911).npy,ujEaXzoSPNu3.npy
1 (2912).npy,yfVBrhlTcbZh.npy
1 (2913).npy,yDYtJ4apiC8i.npy
1 (2914).npy,qUpRP8McHfdj.npy
1 (2915).npy,Gt7peDXALkO8.npy
1 (2916).npy,L48Mpc47ogmA.npy
1 (2917).npy,burFwsbJ6B5U.npy
1 (2918).npy,BGtlkHTanaNC.npy
1 (2919).npy,i7VDr7VYgm2c.npy
1 (292).npy,e8uAjbsmIurg.npy
1 (2920).npy,8WhR7oSHWzwF.npy
1 (2921).npy,dBdY2VkEWTXx.npy
1 (2922).npy,I81XrACvILVs.npy
1 (2923).npy,0ArqFt8PHGtx.npy
1 (2924).npy,Ymoy5x2O8dq1.npy
1 (2925).npy,0wgQLn2njwru.npy
1 (2926).npy,oFrlvtMflXsz.npy
1 (2927).npy,Brb69Ddd4ZMp.npy
1 (2928).npy,7hnrqEM2Pgy2.npy
1 (2929).npy,5pIKJWJCtRh7.npy
1 (293).npy,vPf12rYFm8YG.npy
1 (2930).npy,XMOF6yxUDLyx.npy
1 (2931).npy,3oWuizUv48xW.npy
1 (2932).npy,DVhJFt6JY5Mb.npy
1 (2933).npy,aJiiexL7ekHg.npy
1 (2934).npy,OPpWPW2PrjuB.npy
1 (2935).npy,XadAK8VjEYWv.npy
1 (2936).npy,9IU9PsFNGQbl.npy
1 (2937).npy,BmXerZRui152.npy
1 (2938).npy,OQ5BKyDxW1hl.npy
1 (2939).npy,AqyDhy0jk02Z.npy
1 (294).npy,I2BN7jM0sI6R.npy
1 (2940).npy,mO34WoemtGL4.npy
1 (2941).npy,4DJgO31dfdC1.npy
1 (2942).npy,f60XPIbe8oDW.npy
1 (2943).npy,x6gQLpEJR9FF.npy
1 (2944).npy,Gcu8G8MLH45o.npy
1 (2945).npy,T6qDc0vYS43k.npy
1 (2946).npy,fGtgBCnUHKYo.npy
1 (2947).npy,S2NM3srqF5QE.npy
1 (2948).npy,aSiGb36DbBi0.npy
1 (2949).npy,10OUKsterVPB.npy
1 (295).npy,eQJV75tj8Z6C.npy
1 (2950).npy,9wXdskXYhy29.npy
1 (2951).npy,zr9Os9fzBupC.npy
1 (2952).npy,EfGTaFHk44I9.npy
1 (2953).npy,bes8rgILjpdc.npy
1 (2954).npy,1dFciOCb3B4G.npy
1 (2955).npy,HDSfycWXuHn9.npy
1 (2956).npy,3myi9jV21As3.npy
1 (2957).npy,qX5qXR1D62oc.npy
1 (2958).npy,jqUfwavYCQ0p.npy
1 (2959).npy,O23Eh6J1gptI.npy
1 (296).npy,Z8STLhfOJiqb.npy
1 (2960).npy,JnBcFmLyTH0H.npy
1 (2961).npy,MEn1lDIIprCx.npy
1 (2962).npy,KCkJWsh7rj19.npy
1 (2963).npy,CzvKRtU6Wt5W.npy
1 (2964).npy,a6SOOhj42Ye1.npy
1 (2965).npy,Et7ntC37gxDl.npy
1 (2966).npy,4GrpwZq2g5gB.npy
1 (2967).npy,d72ZjWaCaqxo.npy
1 (2968).npy,d3Bd3V0aWqph.npy
1 (2969).npy,IueGMowGzy2R.npy
1 (297).npy,yogitdVspiRf.npy
1 (2970).npy,hn1joADtkPqV.npy
1 (2971).npy,P2CGCTEqxgx4.npy
1 (2972).npy,se9N6fF0NM09.npy
1 (2973).npy,LGGpFtqZnQgJ.npy
1 (2974).npy,nXXsPDVrQYzn.npy
1 (2975).npy,aEhtUr31X2UU.npy
1 (2976).npy,xE5xdqVPJXsA.npy
1 (2977).npy,d0qn4ZGCmGvx.npy
1 (2978).npy,qv3pLyaqmuHZ.npy
1 (2979).npy,2lW4vJMsXw7Y.npy
1 (298).npy,Snjzbsic7veg.npy
1 (2980).npy,jjal9aVi12iw.npy
1 (2981).npy,DHF34C9AWxLV.npy
1 (2982).npy,4lDQIgnH04g5.npy
1 (2983).npy,hrxxomOnPajw.npy
1 (2984).npy,lxdQd2VT49co.npy
1 (2985).npy,biUaoiB0WhkV.npy
1 (2986).npy,2hwYJaK4caQs.npy
1 (2987).npy,IjfSnr1SksRA.npy
1 (2988).npy,TGN0xhQaEwhP.npy
1 (2989).npy,35kTMDgU9V4X.npy
1 (299).npy,Rr57LciCbjNU.npy
1 (2990).npy,gYG3wo9C4REL.npy
1 (2991).npy,nSpX60EShwHn.npy
1 (2992).npy,17q81zV2mU8k.npy
1 (2993).npy,uFG79toXQsMt.npy
1 (2994).npy,l3FHNZVm37NS.npy
1 (2995).npy,hfXIVbFf90Xw.npy
1 (2996).npy,cAiQaP8LLboQ.npy
1 (2997).npy,Se2sajaPJ7tw.npy
1 (2998).npy,KA5Yru0DOdut.npy
1 (2999).npy,3CfkSExdYRNd.npy
1 (3).npy,lEb6E8dKExPv.npy
1 (30).npy,b25pPlYS3ofF.npy
1 (300).npy,YiC52zD1OKwU.npy
1 (3000).npy,0x0WrJqukrZT.npy
1 (3001).npy,PW61o7e3DlJc.npy
1 (301).npy,2lWeCKR7EtcC.npy
1 (302).npy,D8Kv6CuZ5rxQ.npy
1 (303).npy,0g13MMuwDCxG.npy
1 (304).npy,AczwmQtWdlK4.npy
1 (305).npy,xo4CnAbJFggm.npy
1 (306).npy,pWyDktrJkrsA.npy
1 (307).npy,UaGsL9K1I93i.npy
1 (308).npy,AmfSBSmVlQ2M.npy
1 (309).npy,CCVvcd8Yjmcd.npy
1 (31).npy,eUKqwPXbR5XD.npy
1 (310).npy,evBvTnVqOGNj.npy
1 (311).npy,XWKusxV7PeqU.npy
1 (312).npy,oPZVfozGXZL4.npy
1 (313).npy,3nDDRHEAinUE.npy
1 (314).npy,OCgzANIptUzq.npy
1 (315).npy,tTbPoKJwi7eU.npy
1 (316).npy,8cgIP4AsFGH6.npy
1 (317).npy,WpxNxWseiNZP.npy
1 (318).npy,SfRAdTZ82Cy6.npy
1 (319).npy,4AKyFXPMmh8Y.npy
1 (32).npy,XfoHPUXWi652.npy
1 (320).npy,eKXbllZjev3u.npy
1 (321).npy,2wWTMpa9PfEK.npy
1 (322).npy,LR3P5P7FQYqy.npy
1 (323).npy,R56SbPyqFHoO.npy
1 (324).npy,o8BxJu1JGN4o.npy
1 (325).npy,bUsrDhStSrGY.npy
1 (326).npy,7KSxjexyYRLl.npy
1 (327).npy,IOZWGClnlrJt.npy
1 (328).npy,vIMRpuErB97h.npy
1 (329).npy,GMGQ6S6wvDCe.npy
1 (33).npy,1Ahzd225OncF.npy
1 (330).npy,LvF4uAiCCn8N.npy
1 (331).npy,dtPHHSMwcQRy.npy
1 (332).npy,QYxTJd8Fro1y.npy
1 (333).npy,KvOP4HIvgBWw.npy
1 (334).npy,XqZv2nrljqzT.npy
1 (335).npy,Jsppxu00h48j.npy
1 (336).npy,gqscROx1Sou7.npy
1 (337).npy,JEB8v2YZegeo.npy
1 (338).npy,YHNmiskht4Zf.npy
1 (339).npy,AOR5EtSaUXXx.npy
1 (34).npy,tsm2mgi7a2SM.npy
1 (340).npy,kgudQG65R5of.npy
1 (341).npy,R2JsLtFBdcyJ.npy
1 (342).npy,OwP6httwmDe5.npy
1 (343).npy,WbOgU1j8bWwO.npy
1 (344).npy,dCMebZJ221Pq.npy
1 (345).npy,w6fYgonr8y6m.npy
1 (346).npy,1QnfR7tJ1WG3.npy
1 (347).npy,3LrbWZR2v1GL.npy
1 (348).npy,FHWDsBzOc8VX.npy
1 (349).npy,No4RWHgZZh39.npy
1 (35).npy,PqsSQcvgpJTG.npy
1 (350).npy,FmniJXTXfjEI.npy
1 (351).npy,Sj8szU0AEPge.npy
1 (352).npy,t13tdjkgEyjc.npy
1 (353).npy,dsjb46lHSvuX.npy
1 (354).npy,Xe624zJRrU6v.npy
1 (355).npy,ouPyYkTHm6CG.npy
1 (356).npy,gT3Y35anmGxE.npy
1 (357).npy,0Nn7evHmSSHZ.npy
1 (358).npy,8hDGD63sAID1.npy
1 (359).npy,16vjC43KdkLN.npy
1 (36).npy,oHZ3RiqU5ODC.npy
1 (360).npy,9JWkMMq8q6QV.npy
1 (361).npy,TgjbVNs8rlPY.npy
1 (362).npy,wvHy1i58rxmA.npy
1 (363).npy,3crNy2ikMeJT.npy
1 (364).npy,eD4giNbwnQAZ.npy
1 (365).npy,Z1VXCCVNwf4P.npy
1 (366).npy,xXqNTzNAVC2T.npy
1 (367).npy,YXBgWhRI9Ekh.npy
1 (368).npy,cUCDEw94zP8N.npy
1 (369).npy,vUyDGaeO3XWW.npy
1 (37).npy,aFIqObm8D7UV.npy
1 (370).npy,XNTq74jwq3i2.npy
1 (371).npy,XGrynAnBCYAg.npy
1 (372).npy,OO0rlBBN2WKN.npy
1 (373).npy,fgKdxQsfM0LB.npy
1 (374).npy,TgMMjNN8Mqpv.npy
1 (375).npy,7EGSHhnETU79.npy
1 (376).npy,X2vzueZoX7S4.npy
1 (377).npy,eFkLxVngikx5.npy
1 (378).npy,dUsK4E8bkciX.npy
1 (379).npy,qgKTwb6bvUwK.npy
1 (38).npy,NX8Qr6p3YKFy.npy
1 (380).npy,C5UT5DgMgogQ.npy
1 (381).npy,GABWf5rwDG3X.npy
1 (382).npy,hHNAA3BxxXNR.npy
1 (383).npy,Ks0xRVXWp8VW.npy
1 (384).npy,freIwlSJDpDF.npy
1 (385).npy,8hlAp1t4OF2u.npy
1 (386).npy,fJd3TmOcq0BI.npy
1 (387).npy,f1RDC8yxjLwX.npy
1 (388).npy,jb1HBYCy936c.npy
1 (389).npy,RFOFTJ6JyNJz.npy
1 (39).npy,XdKtdF4W8mdW.npy
1 (390).npy,LOlnOzqXcBbs.npy
1 (391).npy,spyJqhcd64jc.npy
1 (392).npy,0fdCzxh2F3cQ.npy
1 (393).npy,Yqlyeee0DDVx.npy
1 (394).npy,C4nJdh36JZqI.npy
1 (395).npy,Wc0XJJ1o9OLI.npy
1 (396).npy,rS2gaiDi3Wa6.npy
1 (397).npy,XlGjKf1Ds6tY.npy
1 (398).npy,nAvjMnD3tSHb.npy
1 (399).npy,tZ0BrnFwmpli.npy
1 (4).npy,yxA3uH8471CG.npy
1 (40).npy,IKEr9ZQOouy2.npy
1 (400).npy,efG98Vonykni.npy
1 (401).npy,JaYBeOhrevVN.npy
1 (402).npy,cdakiuMIWg11.npy
1 (403).npy,G1mtn5ttEjKj.npy
1 (404).npy,neJp1BCj4LDO.npy
1 (405).npy,93DxEYXhjuE9.npy
1 (406).npy,Sx1YJMYIxud1.npy
1 (407).npy,PWOHVBfAUkdy.npy
1 (408).npy,PypShXLvUnZo.npy
1 (409).npy,EXx8UYBB4FhI.npy
1 (41).npy,gBBe7URh5QJC.npy
1 (410).npy,5eq6FvJBZ7yF.npy
1 (411).npy,rrceosbM77ki.npy
1 (412).npy,HrLHcFrH6OMv.npy
1 (413).npy,N9sXIXxUDZxx.npy
1 (414).npy,S2oaOG9fW5rC.npy
1 (415).npy,AyRp8qrbWxMG.npy
1 (416).npy,SH1sZ9mwBZbc.npy
1 (417).npy,N86Cd36PYgqf.npy
1 (418).npy,6FC9MZzvyHqJ.npy
1 (419).npy,K6KSUK3DSikL.npy
1 (42).npy,zEq4FtBWZeIi.npy
1 (420).npy,dwnexMZtxGkA.npy
1 (421).npy,4sZOV5b6Nle4.npy
1 (422).npy,vS6MbqwAylF5.npy
1 (423).npy,yARXoOccQFky.npy
1 (424).npy,ptEDo64O0pOi.npy
1 (425).npy,0O5I9bi6sTtF.npy
1 (426).npy,ovUOUyWN22Xm.npy
1 (427).npy,iTnu2tLyU7nf.npy
1 (428).npy,7pBCPgxTewBk.npy
1 (429).npy,DO5VluuOGu9k.npy
1 (43).npy,zNfcfFTLaAIh.npy
1 (430).npy,JzMDGbqgnUsC.npy
1 (431).npy,TiVwtXrvWgid.npy
1 (432).npy,QfyhrgfSygUp.npy
1 (433).npy,YkMyjhPrvWfY.npy
1 (434).npy,sET9PlEnLaln.npy
1 (435).npy,KmQeSHNG0Hki.npy
1 (436).npy,xtGSLvAPsecp.npy
1 (437).npy,NjeRb6Sd0R94.npy
1 (438).npy,e40f3lCU9Xx9.npy
1 (439).npy,wJpEChYVv4FQ.npy
1 (44).npy,JvLWdM22Oa7N.npy
1 (440).npy,sNDniQZh5A3R.npy
1 (441).npy,1SfN3ND7q4QE.npy
1 (442).npy,zvJsfV56ggtE.npy
1 (443).npy,colwYl9GXCft.npy
1 (444).npy,pvB1ZfbVwmeM.npy
1 (445).npy,uAyw96fZdwuD.npy
1 (446).npy,KRIRGp2gcQQS.npy
1 (447).npy,myOpb9x670dD.npy
1 (448).npy,gJAn216YTyL8.npy
1 (449).npy,znQItEoFGUOU.npy
1 (45).npy,ZOSzQvBQNZ0l.npy
1 (450).npy,bWCkdaE42Ndv.npy
1 (451).npy,ZB8Io0bulfLh.npy
1 (452).npy,LCqtgyccJ2KS.npy
1 (453).npy,1jkaQuZs04ii.npy
1 (454).npy,j9OQ9u1SW7OS.npy
1 (455).npy,YvYYR5PJ1Jxo.npy
1 (456).npy,TzveAMJFzEQu.npy
1 (457).npy,A8vuZ8a2zU6g.npy
1 (458).npy,cuExqeFu5mu7.npy
1 (459).npy,O313TrQRpT1V.npy
1 (46).npy,K4AkBPE8F0Zd.npy
1 (460).npy,O6i0galWA8WX.npy
1 (461).npy,nsKviJixmw0G.npy
1 (462).npy,ziiUnWgZZPKG.npy
1 (463).npy,4fibT3JFwAKO.npy
1 (464).npy,btKWXfBMmmrc.npy
1 (465).npy,mEasrZ1VTKsp.npy
1 (466).npy,n99lPohn7gLh.npy
1 (467).npy,oMz2HcsyVlIm.npy
1 (468).npy,JzfwJT6xDyat.npy
1 (469).npy,6mvk3C9wTnwk.npy
1 (47).npy,Yj0JKXskb8hF.npy
1 (470).npy,QcSMg2Z0Y7Ru.npy
1 (471).npy,fNO7KrgfZVgF.npy
1 (472).npy,Agitg44Qm6UZ.npy
1 (473).npy,AraTlPNgAvMc.npy
1 (474).npy,i3iPn2IkrK3K.npy
1 (475).npy,TPmjZchntMm2.npy
1 (476).npy,O6LnmiAomYc4.npy
1 (477).npy,RgKb5NDqyFqP.npy
1 (478).npy,oLk11xqxAYnF.npy
1 (479).npy,SaK0FeR00MsR.npy
1 (48).npy,6HDEZuV5OcQf.npy
1 (480).npy,ddjqTU1v0BLF.npy
1 (481).npy,In7VOwyHmcha.npy
1 (482).npy,el6u3kYaCR0w.npy
1 (483).npy,Uhg3QvYxDpDX.npy
1 (484).npy,ukwWcGntxj1r.npy
1 (485).npy,sGwT5xYnzBoH.npy
1 (486).npy,b6DWFk6LZUn8.npy
1 (487).npy,yJzqzAy8CCl4.npy
1 (488).npy,WSj4FJNcvq5x.npy
1 (489).npy,2OhtPFDjwtZA.npy
1 (49).npy,XGSOBIWRfofa.npy
1 (490).npy,PTZ3mGULo9LS.npy
1 (491).npy,d6X6e3WCsfId.npy
1 (492).npy,NxEWdmxyOI49.npy
1 (493).npy,v516CHs1FwYT.npy
1 (494).npy,c7qloGGr5DDN.npy
1 (495).npy,zzCKih1MzID4.npy
1 (496).npy,8uxqpBMe34sb.npy
1 (497).npy,a5YNpgbJ59t6.npy
1 (498).npy,XnCCPkmGveTe.npy
1 (499).npy,yfPU5NbF5jcg.npy
1 (5).npy,gWSUppgNZlzn.npy
1 (50).npy,SjJKhqeBXZUy.npy
1 (500).npy,m4ZUdOZjpNqc.npy
1 (501).npy,AuAmdhucVOVN.npy
1 (502).npy,fBdcnj7LyxUc.npy
1 (503).npy,0bA7is9GEO8M.npy
1 (504).npy,j26L4I82TTt5.npy
1 (505).npy,f59kUUz6vTnl.npy
1 (506).npy,NcksYQ0UadoC.npy
1 (507).npy,hxry7lv3nxqN.npy
1 (508).npy,Z2R7AnF6xrgL.npy
1 (509).npy,l5qU7eqqzza5.npy
1 (51).npy,Clc94AoTbuCc.npy
1 (510).npy,r5kkq9mOpocI.npy
1 (511).npy,mrgv7shNCGeR.npy
1 (512).npy,Ey70qPkdQwCu.npy
1 (513).npy,12Yfd8GbmcqL.npy
1 (514).npy,TMRNiewu8iMf.npy
1 (515).npy,hzespWO0fukY.npy
1 (516).npy,qdCCKXK31I6K.npy
1 (517).npy,huFVMxxakndr.npy
1 (518).npy,1xzWGP9cj2ve.npy
1 (519).npy,yIJ8Tfo6aT7T.npy
1 (52).npy,6SyKd5uZwC9Z.npy
1 (520).npy,5xGorlXjwuGP.npy
1 (521).npy,lHeM4iMY02FE.npy
1 (522).npy,4M8snNTKYVrd.npy
1 (523).npy,0461boG56cx9.npy
1 (524).npy,ipo87F69QQys.npy
1 (525).npy,4lJl7pltCq6F.npy
1 (526).npy,oAESn86nOISr.npy
1 (527).npy,uWHhgS7tYkvP.npy
1 (528).npy,3t3Atau7JxJQ.npy
1 (529).npy,wjS7yTcxs4mX.npy
1 (53).npy,I0pkGrXw3Ghn.npy
1 (530).npy,mpjMe64LsBJM.npy
1 (531).npy,tF0qIvl5OwAx.npy
1 (532).npy,Pke5b2JUIAWV.npy
1 (533).npy,2453wmxkHpVX.npy
1 (534).npy,L8Wau2PZkLil.npy
1 (535).npy,ope4QnWahjnw.npy
1 (536).npy,vYEuSdRYEUAe.npy
1 (537).npy,0MfPsqjIPXS2.npy
1 (538).npy,LII3Nr3UijmM.npy
1 (539).npy,Tp0QJnFWXmNv.npy
1 (54).npy,SHqoy7dcDfqR.npy
1 (540).npy,R6C0aoSNfh8r.npy
1 (541).npy,Kd9ItSYvQc02.npy
1 (542).npy,YogxgyU5zBAh.npy
1 (543).npy,aeqLBYgNvmZT.npy
1 (544).npy,fY2wlPhPpIqt.npy
1 (545).npy,bUXX3yIO4SxE.npy
1 (546).npy,k3sIwustVbBI.npy
1 (547).npy,BITfDMLvy001.npy
1 (548).npy,5b3AZTPltIlI.npy
1 (549).npy,gAXXjxMHMQqY.npy
1 (55).npy,6n94W08NlvUe.npy
1 (550).npy,9oSONjnA71x6.npy
1 (551).npy,MhCjPY1xtlya.npy
1 (552).npy,zbP96vA9r84N.npy
1 (553).npy,AGl76l8BiNKQ.npy
1 (554).npy,W56X9bDlR5oN.npy
1 (555).npy,LhYqayZMlVHc.npy
1 (556).npy,taUogrEY22nl.npy
1 (557).npy,pGXRoyBu9CDm.npy
1 (558).npy,yCfFQc2bYxh1.npy
1 (559).npy,Lw83w54Ce5Pl.npy
1 (56).npy,CbrNOuJ6cMRT.npy
1 (560).npy,2NlREHFyZ1hu.npy
1 (561).npy,lzbzHK5YtHCg.npy
1 (562).npy,CwrWkcGGqCMn.npy
1 (563).npy,19nrOXSzAIUb.npy
1 (564).npy,f0XgTqawYheI.npy
1 (565).npy,UeFq8nxIwjZC.npy
1 (566).npy,ny4Ihc6dsEd7.npy
1 (567).npy,WKEEk2b0a65V.npy
1 (568).npy,J092VyDfbPfs.npy
1 (569).npy,KinBbh4tKx0A.npy
1 (57).npy,rMGAZNhFsdo7.npy
1 (570).npy,VoDzDntWXYgD.npy
1 (571).npy,VAdfBhYADyxo.npy
1 (572).npy,HigQlDe2xlO5.npy
1 (573).npy,E2IumaJ9bpQv.npy
1 (574).npy,uZ94OS0perzD.npy
1 (575).npy,c8xzSSwea1pp.npy
1 (576).npy,30knMA5EIcFc.npy
1 (577).npy,QdOdJwQvKQSk.npy
1 (578).npy,jZt3wc1VWkph.npy
1 (579).npy,0eWSpuZboOCu.npy
1 (58).npy,2HzNY8bFyQLZ.npy
1 (580).npy,nHLgAT21Xmwm.npy
1 (581).npy,zQRLBrBpQyX4.npy
1 (582).npy,AtPwpwfg79b3.npy
1 (583).npy,URMhA4c9dU34.npy
1 (584).npy,xlLPoXXkcuoY.npy
1 (585).npy,VGK0DcrWceXE.npy
1 (586).npy,CFlRYwIFUdSs.npy
1 (587).npy,QkdUVR4GaesS.npy
1 (588).npy,EVv6YT8tHdEz.npy
1 (589).npy,VIj04U3riivn.npy
1 (59).npy,llGxpXnweoXk.npy
1 (590).npy,Q5m50J6BjdSX.npy
1 (591).npy,pn3ZnySGBa8Y.npy
1 (592).npy,ytK8CoulvPDK.npy
1 (593).npy,297yUCHzbgkb.npy
1 (594).npy,ms2oaTqQZFMV.npy
1 (595).npy,g9tX8KwPS25q.npy
1 (596).npy,WJgaxnaP8Wgg.npy
1 (597).npy,LYK481ja7SEC.npy
1 (598).npy,aEyS0rfp6B5V.npy
1 (599).npy,mrmCJT6ucGUe.npy
1 (6).npy,ljNmLAtBH0KP.npy
1 (60).npy,f3pR6uyGi1UM.npy
1 (600).npy,jjmRmas9JEtG.npy
1 (601).npy,nM6A4HguvfSk.npy
1 (602).npy,a4Ds7LFFgV3Y.npy
1 (603).npy,N0cd5qN9vPk7.npy
1 (604).npy,5L61Atz1oZDg.npy
1 (605).npy,eK6PjimdAgO5.npy
1 (606).npy,ii4ZFptg5VWu.npy
1 (607).npy,UuS3F3NhbIxS.npy
1 (608).npy,IRX8IbXEiNMr.npy
1 (609).npy,8AaM7YakMf8E.npy
1 (61).npy,t9IHAqDrXBMu.npy
1 (610).npy,Ap477aDU7DUd.npy
1 (611).npy,gIYXcH0i6hMP.npy
1 (612).npy,AdshpCfdGk2S.npy
1 (613).npy,jj4vGajkEOo3.npy
1 (614).npy,SaH1sUoP2Fo9.npy
1 (615).npy,QOtVGq4QCXYL.npy
1 (616).npy,ynbzKTUdICeF.npy
1 (617).npy,9gbNUaqQFrNR.npy
1 (618).npy,6uFYqpGKNxk8.npy
1 (619).npy,3F7Dc04MCklC.npy
1 (62).npy,tWF13LMTNrhX.npy
1 (620).npy,dkHcX53VYqNp.npy
1 (621).npy,myUjoroMgA7N.npy
1 (622).npy,W7i3ipV42swz.npy
1 (623).npy,zrCraCLdLWDM.npy
1 (624).npy,yMrFixekd7AW.npy
1 (625).npy,2GPIqnPaDRWo.npy
1 (626).npy,u9V1LV1pVJny.npy
1 (627).npy,bKTpXBQfX0hr.npy
1 (628).npy,2qKyhCdFUiTK.npy
1 (629).npy,svAIP1mweKBO.npy
1 (63).npy,U8cGuB7ualXt.npy
1 (630).npy,auVBDXyLdaAE.npy
1 (631).npy,466rJ1PGQVMQ.npy
1 (632).npy,bCVN1wfarejb.npy
1 (633).npy,TWgJU5Qxe0pJ.npy
1 (634).npy,ps56vmieOdeu.npy
1 (635).npy,KaOKTJAkAPHp.npy
1 (636).npy,Zo2IIGXkG89e.npy
1 (637).npy,rIvKpVBjSuYg.npy
1 (638).npy,RrTN59uHO4l3.npy
1 (639).npy,B1b1EPQXql1f.npy
1 (64).npy,UPxDHX6OaGvs.npy
1 (640).npy,MuEghIlUdFeH.npy
1 (641).npy,c1BtTp2ZrIKe.npy
1 (642).npy,v8GZkWkPm9vd.npy
1 (643).npy,la7NajxPk0vG.npy
1 (644).npy,qKBRKBhcboD5.npy
1 (645).npy,P4Eet9TmYuul.npy
1 (646).npy,IKRuoQXUfpaX.npy
1 (647).npy,MeP6nzVqSmwh.npy
1 (648).npy,kH1BfStx52R8.npy
1 (649).npy,0f1HpQNkhuK2.npy
1 (65).npy,gQukdReEjED9.npy
1 (650).npy,AAdM5bx6MUMQ.npy
1 (651).npy,KzJhVunrILaJ.npy
1 (652).npy,SzdS0QnXnqLc.npy
1 (653).npy,X9u1mYjPsiR0.npy
1 (654).npy,KEFwPjdHz8EA.npy
1 (655).npy,zivx4gbXXBhq.npy
1 (656).npy,9cb0H55pkGc9.npy
1 (657).npy,Q87KzNZsanpr.npy
1 (658).npy,U4LToNQUbW4E.npy
1 (659).npy,5zJ1PZwWZRhz.npy
1 (66).npy,7Y1Mhhj2LQfe.npy
1 (660).npy,RGmzmrm4JSTf.npy
1 (661).npy,Bgv4c6y7SCRP.npy
1 (662).npy,IaSx2cugAZvc.npy
1 (663).npy,pOKooGWStUhV.npy
1 (664).npy,8gH6AqqzrKuL.npy
1 (665).npy,EdEwaWIFPPHU.npy
1 (666).npy,1ilmhhfBSAOB.npy
1 (667).npy,eKW8eUXNYHCB.npy
1 (668).npy,4Zw7yMGVgbZf.npy
1 (669).npy,QXpRpMsIp1E6.npy
1 (67).npy,vlGk7NbKNXha.npy
1 (670).npy,mFGyfrq86mym.npy
1 (671).npy,Qz1ofmVGp7xM.npy
1 (672).npy,29UI6vaoCNZ4.npy
1 (673).npy,JVsHf2lyf7PS.npy
1 (674).npy,eTs0teXJGDSa.npy
1 (675).npy,XGKLoKXTlZoo.npy
1 (676).npy,nZrSzghrhrS8.npy
1 (677).npy,MW38oeby0u4P.npy
1 (678).npy,8PgtnRe7VrOg.npy
1 (679).npy,YFM8k8K71kvT.npy
1 (68).npy,ewMhCZmXaFHl.npy
1 (680).npy,VMKnWqrDRFGy.npy
1 (681).npy,MyhCe4IF3a4i.npy
1 (682).npy,nTYrroVaMyGh.npy
1 (683).npy,3gUKW1CpO3in.npy
1 (684).npy,5LwiG7av2pus.npy
1 (685).npy,wT6ami6NB6OS.npy
1 (686).npy,mg2b9NhQFAgl.npy
1 (687).npy,DTe3Gfy10MyH.npy
1 (688).npy,fpnPfmcXRT3t.npy
1 (689).npy,UvKxyr6u8qzL.npy
1 (69).npy,1EPBwV5lfb2E.npy
1 (690).npy,OqmlOBYetyJG.npy
1 (691).npy,1mhxqtcUJoWL.npy
1 (692).npy,oXHniecICMvr.npy
1 (693).npy,YNVXR4Lf16Op.npy
1 (694).npy,2NH90cC0uInD.npy
1 (695).npy,cfwmm0f57gK2.npy
1 (696).npy,3T5cxJE5ACkO.npy
1 (697).npy,GDdflJ7VBZJy.npy
1 (698).npy,VtXooGVFS0Vy.npy
1 (699).npy,LnnXOWRh2HkW.npy
1 (7).npy,lXBhxN889UP8.npy
1 (70).npy,6FggV9wdXb4V.npy
1 (700).npy,4iRzjbx0ENNy.npy
1 (701).npy,vo932ltrgdp1.npy
1 (702).npy,OYPZCWLG9BQ0.npy
1 (703).npy,pnxJ1VAenlL6.npy
1 (704).npy,DYiTIQxNtBlf.npy
1 (705).npy,aufKWIr5LuuV.npy
1 (706).npy,4bb71WxvW4H0.npy
1 (707).npy,wssGztinKB0j.npy
1 (708).npy,uyrqQXLcdVRi.npy
1 (709).npy,MldPD5SS22gl.npy
1 (71).npy,e1NYI4eNBFV9.npy
1 (710).npy,5WlaeiLbBIhj.npy
1 (711).npy,f17Ck5WmliHX.npy
1 (712).npy,nR2PWPEnMZjY.npy
1 (713).npy,ze6hRfZmgnrJ.npy
1 (714).npy,jhmpK7NVPtNq.npy
1 (715).npy,W6tJFM3WVq7k.npy
1 (716).npy,i34QgzAZXNFh.npy
1 (717).npy,7iRuz1reIw1Z.npy
1 (718).npy,EMXvjcT95Lcq.npy
1 (719).npy,NTaegaTRSqpf.npy
1 (72).npy,iqKusNdDJL1L.npy
1 (720).npy,h39FlM40uWls.npy
1 (721).npy,xMhCOmKasMTa.npy
1 (722).npy,FRdltBWBtrzt.npy
1 (723).npy,gHhXXttSZ8cZ.npy
1 (724).npy,wIg16wCB3ioV.npy
1 (725).npy,XVcSl4T7DgNN.npy
1 (726).npy,PNQby8kR3CJQ.npy
1 (727).npy,orA2yGJQWYWj.npy
1 (728).npy,wurl89wdWjRV.npy
1 (729).npy,61wMdLwjFOOE.npy
1 (73).npy,BKu3aGYFHP7E.npy
1 (731).npy,W1bSvzMIEPlg.npy
1 (732).npy,ZfLDRY1Nhsh8.npy
1 (733).npy,gtzP9WTZdyqM.npy
1 (734).npy,bW7q39CDHCpI.npy
1 (735).npy,tKGTLG6dn8KW.npy
1 (736).npy,7TmQl2p5fyZl.npy
1 (737).npy,lMf2oFoiiC0e.npy
1 (738).npy,Gfn3qu4hout6.npy
1 (739).npy,nakDC5kYcwIa.npy
1 (74).npy,0tKN3XPbFcnJ.npy
1 (740).npy,hiwBFNOkuUTJ.npy
1 (741).npy,IKMQ4qfTRHqT.npy
1 (742).npy,D3qfNRL4eBba.npy
1 (743).npy,YxtS07ZL1qcc.npy
1 (744).npy,Lout3UeKmDeP.npy
1 (745).npy,Kut9rZGtRoBm.npy
1 (746).npy,QiF1TPjo054e.npy
1 (747).npy,Fg08L5BEzHdw.npy
1 (748).npy,tjHenl01AzY5.npy
1 (749).npy,7cnzcUq9mWCb.npy
1 (75).npy,UNEqUk0gR0gD.npy
1 (750).npy,tFoVUT5F0r7l.npy
1 (751).npy,IVgq3wSNx6go.npy
1 (752).npy,G92GdwqhdmEi.npy
1 (753).npy,HHFceDWCiUF4.npy
1 (754).npy,jl7eiKUgHogO.npy
1 (755).npy,Q806IzVGSVw6.npy
1 (756).npy,t1gLkZzsUHE7.npy
1 (757).npy,VnK0B2aBGrMZ.npy
1 (758).npy,CsC6XHPq43IC.npy
1 (759).npy,m18fRQfcwP8G.npy
1 (76).npy,yAwommp0Gcje.npy
1 (760).npy,DzUnsbs7CViS.npy
1 (761).npy,bkgVPwceAgxf.npy
1 (762).npy,PMcXloQMrFYl.npy
1 (763).npy,ohHPV6BkYM5X.npy
1 (764).npy,RYghoBhI1e1X.npy
1 (765).npy,fMw6qBdFcCPA.npy
1 (766).npy,57gY8OeSGJa0.npy
1 (767).npy,vscFZ0z7af2G.npy
1 (768).npy,dBVNPWcUZtgD.npy
1 (769).npy,DWk2hktzexfz.npy
1 (77).npy,RtsJZq7ZNfXx.npy
1 (770).npy,ovM1xByQXYkr.npy
1 (771).npy,cpGrvETjBBnQ.npy
1 (772).npy,DmCKagyp5qke.npy
1 (773).npy,fy8Nj6Njxtrc.npy
1 (774).npy,C4eZQ3WCesNN.npy
1 (775).npy,gtr9yh0jYAs0.npy
1 (776).npy,soqkRkK0PzZB.npy
1 (777).npy,x2rvmDVv22QP.npy
1 (778).npy,XiKCTtI8kECc.npy
1 (779).npy,Qbxp5hDmPZd9.npy
1 (78).npy,eKYjRBS0KHro.npy
1 (780).npy,Rvy8aaIrxVTS.npy
1 (781).npy,GjHLtwoyF1Jz.npy
1 (782).npy,yqWDTjUOQgQ8.npy
1 (783).npy,COPfy5FTkJ1G.npy
1 (784).npy,WZqwzxwjhsh2.npy
1 (785).npy,uA2xMGzmisOO.npy
1 (786).npy,DuZWsPnu1ykX.npy
1 (787).npy,KB4wzKCQQC8T.npy
1 (788).npy,HGESpEokbhIz.npy
1 (789).npy,cO8RXU8VcPDu.npy
1 (79).npy,KV5PzQW3xlU3.npy
1 (790).npy,RW0HD5gnGQz8.npy
1 (791).npy,oX2ydrAgj0og.npy
1 (792).npy,cyqSva6LfMYa.npy
1 (793).npy,bRnkD6stbf6S.npy
1 (794).npy,2wzeWBXLXOGP.npy
1 (795).npy,O5doiFuaPJQN.npy
1 (796).npy,hTR20Acoyu1A.npy
1 (797).npy,NA3Gaeywx0Y4.npy
1 (798).npy,DF7BGk8AxAjV.npy
1 (799).npy,069VYX4KjLnd.npy
1 (8).npy,q38UlsoF4I7K.npy
1 (80).npy,OC8pAZHNgOOk.npy
1 (800).npy,7oKnDDtXRpn2.npy
1 (801).npy,lLKFY6NTQPLu.npy
1 (802).npy,XmMn9Wm1s4jo.npy
1 (803).npy,bgaFx1XPCmr4.npy
1 (804).npy,kgHgWi69OMuO.npy
1 (805).npy,L3qlevLXiKzO.npy
1 (806).npy,HAhGMqto3JpC.npy
1 (807).npy,hdMbx3JeLnp4.npy
1 (808).npy,ysVf9azm7xOZ.npy
1 (809).npy,jLDruOfxDFUH.npy
1 (81).npy,CpbBFAtkcGQh.npy
1 (810).npy,mOELHGZF4CZs.npy
1 (811).npy,jkxJiByWekd6.npy
1 (812).npy,wVZdew58fa5u.npy
1 (813).npy,YQqiOb2Wmy94.npy
1 (814).npy,xZMH1ltlMWMA.npy
1 (815).npy,gpLFUw3HWGZw.npy
1 (816).npy,jJFgOnu8wXUB.npy
1 (817).npy,adskJtJuli6T.npy
1 (818).npy,Qdz3OrtsGWfX.npy
1 (819).npy,acVWbeeuhpbH.npy
1 (82).npy,298qsu5fCUdS.npy
1 (820).npy,F5YmJ57Un2ck.npy
1 (821).npy,UAMwxAgpDAbR.npy
1 (822).npy,s9B4AToVKafU.npy
1 (823).npy,DCcJDIque3If.npy
1 (824).npy,D9ABs2bg0sqY.npy
1 (825).npy,QF43sQIT5PPO.npy
1 (826).npy,JX8CutAv8mv8.npy
1 (827).npy,lko6VNFXQ2z1.npy
1 (828).npy,2REnpQhTLKPB.npy
1 (829).npy,G82BsLQvtMPO.npy
1 (83).npy,HDZmYXN0clU8.npy
1 (830).npy,iblqNQHEaAj5.npy
1 (831).npy,xh3XdMzVp8Wx.npy
1 (832).npy,WVaIDoIWV6sB.npy
1 (833).npy,xLfuxTs3lnC8.npy
1 (834).npy,nsREOFK9uS61.npy
1 (835).npy,Z8Gj9jOoJVxT.npy
1 (836).npy,HEqQZXJ2mwqH.npy
1 (837).npy,XB0eHnzSYjNx.npy
1 (838).npy,Fb92kgk7UBkj.npy
1 (839).npy,tS2dVKxqqaNM.npy
1 (84).npy,zAUXAN4dCJwQ.npy
1 (840).npy,z0IrewvokhDR.npy
1 (841).npy,gN9sNnkw19A3.npy
1 (842).npy,aNB87dr5QEDe.npy
1 (843).npy,Z8kzS4b5O0rT.npy
1 (844).npy,y2HOnS8Wh3fF.npy
1 (845).npy,8bap7vrQHlG2.npy
1 (846).npy,wrUsw3ck3HmC.npy
1 (847).npy,4r1ZDmNF3MHK.npy
1 (848).npy,8QMwPoKWvnJH.npy
1 (849).npy,h1EFknfWM8h7.npy
1 (85).npy,34Fey6MaFJyb.npy
1 (850).npy,HuMOfKjvl2GZ.npy
1 (851).npy,FAI8z5Xkqtv5.npy
1 (852).npy,9g4jDUdzaNNH.npy
1 (853).npy,rpT8NY8xNanK.npy
1 (854).npy,aGR5VWbHFfoH.npy
1 (855).npy,fZ6MPDIEoHw5.npy
1 (856).npy,cSt6l5HvgVFq.npy
1 (857).npy,n8qpgGvlCyLr.npy
1 (858).npy,P4TFk7tjOJlX.npy
1 (859).npy,7wzexNzws8nv.npy
1 (86).npy,b45JkkEgMVIx.npy
1 (860).npy,zIzdgn3B7KrG.npy
1 (861).npy,jr0ugcHDIFyG.npy
1 (862).npy,EFlICjnwKVxq.npy
1 (863).npy,zYMszrUu2Y2f.npy
1 (864).npy,s3jlDQUzrxWG.npy
1 (865).npy,TvxmIY6M3cpZ.npy
1 (866).npy,pTZC2EhefjGh.npy
1 (867).npy,bHkKMQk5XOPR.npy
1 (868).npy,0G5oOu41EkcC.npy
1 (869).npy,6ScDySjn2eyY.npy
1 (87).npy,I0R09YHwgd7l.npy
1 (870).npy,X1gtnNJ2dGGH.npy
1 (871).npy,YdZVnVDPackc.npy
1 (872).npy,5UGN3guStJiS.npy
1 (873).npy,nFBPWlIg2qOL.npy
1 (874).npy,FFAACqt8aBRg.npy
1 (875).npy,sSKg5bWD9ryR.npy
1 (876).npy,rL3FkMAJss7B.npy
1 (877).npy,n4pzPxAz9E4R.npy
1 (878).npy,HI0WaXE3Pgmg.npy
1 (879).npy,Wctm3whUAZba.npy
1 (88).npy,9JUCBv32OZYm.npy
1 (880).npy,hKoH23pTLPXs.npy
1 (881).npy,gpvqkxEQ7xqU.npy
1 (882).npy,SzRuZSoPNGO9.npy
1 (883).npy,KULQjriiGY5a.npy
1 (884).npy,lYTV8W3LOF3y.npy
1 (885).npy,7FDJEaRfRjM2.npy
1 (886).npy,SprFEIrxSZ1g.npy
1 (887).npy,onBOWvmDJefr.npy
1 (888).npy,Atc9jJS8Vpad.npy
1 (889).npy,GWjsos7Jfj4o.npy
1 (89).npy,aIq4iz67gJqI.npy
1 (890).npy,2HPCVZw1PMbZ.npy
1 (891).npy,A2BuQwMJRJnL.npy
1 (892).npy,APp9MCVlOJgH.npy
1 (893).npy,vkCx0p5G8BNZ.npy
1 (894).npy,2EJDwlisyX16.npy
1 (895).npy,vJL9mdII0G5T.npy
1 (896).npy,Qz4wr3fphDMb.npy
1 (897).npy,d7frtg6JFPCx.npy
1 (898).npy,XT7BFOTsLAVe.npy
1 (899).npy,3tyjBujd4aFY.npy
1 (9).npy,sRUtcMQORpDW.npy
1 (90).npy,BkH5pIOmA7nh.npy
1 (900).npy,rQpV7tllYy2G.npy
1 (901).npy,N7MWpLCet3Xg.npy
1 (902).npy,T2K1viOxXxOJ.npy
1 (903).npy,PdfmLaJXuXAC.npy
1 (904).npy,LqhLEAgo09ul.npy
1 (905).npy,jG0J3XsWzqhS.npy
1 (906).npy,bJmix3CEAYZz.npy
1 (907).npy,XKLKAxtbC5KF.npy
1 (908).npy,msfQH5Mwt6yh.npy
1 (909).npy,8wQDMgk4ZjOx.npy
1 (91).npy,yW5SHFEy9cvi.npy
1 (910).npy,1EtJNdDN0Kme.npy
1 (911).npy,jLWkFDx4sQAU.npy
1 (912).npy,QcefHf0yUGAP.npy
1 (913).npy,4Jpsd2eqmFST.npy
1 (914).npy,Py0F2vNTR4mg.npy
1 (915).npy,KmMPBVVITHjx.npy
1 (916).npy,ddGmUIS2aTTl.npy
1 (917).npy,EpCrQH3CuvDM.npy
1 (918).npy,AzSq61c94u4K.npy
1 (919).npy,McqglyMrVezO.npy
1 (92).npy,vGyLZTY2sOix.npy
1 (920).npy,khr07Cs5BnSh.npy
1 (921).npy,ZQhrL2s9xiCK.npy
1 (922).npy,itmWl65EKsoe.npy
1 (923).npy,qfOmGYSaeeKH.npy
1 (924).npy,4zLFWSFQ70WY.npy
1 (925).npy,FsAOTYDuRGun.npy
1 (926).npy,faTKjBAPTAYf.npy
1 (927).npy,JcvomnIn8uCa.npy
1 (928).npy,7uMuZtI9ikhx.npy
1 (929).npy,3O5lDMGZocMf.npy
1 (93).npy,YxlIHBCcPYe6.npy
1 (930).npy,Kbhh4ZS2vKBI.npy
1 (931).npy,kx2W9t7pX3DS.npy
1 (932).npy,V5RHWsiLNAkw.npy
1 (933).npy,jQMVLh7AC8uO.npy
1 (934).npy,rpyl1Zb7dTlK.npy
1 (935).npy,dKsS39cQ4cBG.npy
1 (936).npy,ovUymEodUaTb.npy
1 (937).npy,Lz9j4rc0ckIR.npy
1 (938).npy,rhPIyyYQStaM.npy
1 (939).npy,lQlPFDPF6HFI.npy
1 (94).npy,iboIwND15XQA.npy
1 (940).npy,rDw1Fnh6CmBp.npy
1 (941).npy,LgWYeDHzGJk8.npy
1 (942).npy,PfXNABUnG3mH.npy
1 (943).npy,bU8tLJ9KhVfE.npy
1 (944).npy,jE9UqAcbVUkq.npy
1 (945).npy,9og2sUxsRvdC.npy
1 (946).npy,oqwsFIF5Oqaq.npy
1 (947).npy,KzISg3YwQtHC.npy
1 (948).npy,cLGIrgHbHFCk.npy
1 (949).npy,rEBTOI86vnek.npy
1 (95).npy,pEZ4swfNpGZx.npy
1 (950).npy,1h2xCXh0zIEC.npy
1 (951).npy,mSfwaPWa6gbG.npy
1 (952).npy,A3n0ELErq9hV.npy
1 (953).npy,rRo9DRPKYF1S.npy
1 (954).npy,FmRFWeKB1BpK.npy
1 (955).npy,rKfsOPo0yHGX.npy
1 (956).npy,ZpiX3lMI1sqY.npy
1 (957).npy,lCf2fs1BTHoK.npy
1 (958).npy,mwzSuWo3sCBr.npy
1 (959).npy,QQBFI6IaeGKH.npy
1 (96).npy,jJOAY3toa7X9.npy
1 (960).npy,bi0V1A9YsE3a.npy
1 (961).npy,I3DacmpZsLiV.npy
1 (962).npy,ySRHudvOas0M.npy
1 (963).npy,bH3BS8f7Rs4q.npy
1 (964).npy,aW9Oy2u2hZNq.npy
1 (965).npy,giyB5Lm9mm1V.npy
1 (966).npy,BVWfpZPaT3jj.npy
1 (967).npy,PQBFrh2UgyvU.npy
1 (968).npy,3EnWfx5c5znM.npy
1 (969).npy,ZbglKwC1WXU9.npy
1 (97).npy,NyRtfx1rPJRS.npy
1 (970).npy,kc8qtyjaOze9.npy
1 (971).npy,nTQKPbMxPKuO.npy
1 (972).npy,fO55OIZWbaBd.npy
1 (973).npy,78kK9fKSJbbr.npy
1 (974).npy,XlbBPU5F4GtV.npy
1 (975).npy,9icIm346UvJa.npy
1 (976).npy,iLSAEh02jq9q.npy
1 (977).npy,QIdWJAKXfTuN.npy
1 (978).npy,tcf2JL3RVhoW.npy
1 (979).npy,99u4ko6ft7HL.npy
1 (98).npy,77oudjJS6dJc.npy
1 (980).npy,0ozY46mdOWTB.npy
1 (981).npy,y37owSrujMH6.npy
1 (982).npy,eyFE9kMBUfO4.npy
1 (983).npy,77uy8rQ7FjXk.npy
1 (984).npy,ZUh8TgjjHH7W.npy
1 (985).npy,CEBRjgvyzt11.npy
1 (986).npy,bFZQA7sU8BJF.npy
1 (987).npy,ncLh7ggjYFuC.npy
1 (988).npy,ZJHkVzx6jLIu.npy
1 (989).npy,K5XGrdQfDPyR.npy
1 (99).npy,YDOrIdomPfXy.npy
1 (990).npy,J7SUzKjOBH1h.npy
1 (991).npy,Oo948q1kbdqm.npy
1 (992).npy,McI7SAXRNaT5.npy
1 (993).npy,RscEUswUil3C.npy
1 (994).npy,fkYoSM4qTM9u.npy
1 (995).npy,2pem1yu7LMEK.npy
1 (996).npy,jTkH1ABoEqxz.npy
1 (997).npy,VAMoPs4KR5cr.npy
1 (998).npy,p8fLvpEaiep2.npy
1 (999).npy,DymHmnMjsqRT.npy
